Date,Open,High,Low,Close,Volume,Dividends,Stock Splits
2017-01-03,104.034,104.322,103.431,104.025,839000,0.0,0.0
2017-01-04,104.35,105.38,104.127,105.167,962400,0.0,0.0
2017-01-05,104.851,105.399,104.238,105.324,792300,0.0,0.0
2017-01-06,105.779,106.587,105.389,106.132,642000,0.0,0.0
2017-01-09,105.723,106.048,105.25,105.25,727100,0.0,0.0
2017-01-10,105.232,105.64,104.424,104.535,844200,0.0,0.0
2017-01-11,104.313,104.786,103.617,104.573,1079500,0.0,0.0
2017-01-12,103.979,104.684,103.44,104.573,695200,0.0,0.0
2017-01-13,104.916,105.631,104.916,105.148,598500,0.0,0.0
2017-01-17,104.675,105.872,104.183,105.454,901500,0.0,0.0
2017-01-18,105.807,106.02,105.102,105.853,960300,0.0,0.0
2017-01-19,106.104,106.735,104.183,104.211,1982600,0.0,0.0
2017-01-20,104.415,104.6,103.32,104.016,1580000,0.0,0.0
2017-01-23,103.923,104.294,103.301,103.672,763600,0.0,0.0
2017-01-24,104.192,104.619,103.784,104.146,1251500,0.0,0.0
2017-01-25,104.879,105.259,104.062,104.73,1361400,0.0,0.0
2017-01-26,104.823,105.148,104.498,104.832,930400,0.0,0.0
2017-01-27,105.046,105.241,104.313,105.241,854300,0.0,0.0
2017-01-30,105.045,105.045,103.221,104.319,876200,0.33,0.0
2017-01-31,104.198,104.915,103.77,104.906,1199300,0.0,0.0
2017-02-01,104.952,104.989,103.342,103.481,1750800,0.0,0.0
2017-02-02,102.951,104.729,102.225,104.701,1334400,0.0,0.0
2017-02-03,104.98,106.33,104.44,106.172,1426600,0.0,0.0
2017-02-06,105.436,106.47,105.204,106.19,783000,0.0,0.0
2017-02-07,106.684,106.712,106.134,106.348,808700,0.0,0.0
2017-02-08,105.846,106.516,105.39,106.451,752800,0.0,0.0
2017-02-09,106.451,107.233,106.395,107.205,1028400,0.0,0.0
2017-02-10,109.262,109.616,106.116,107.596,1213000,0.0,0.0
2017-02-13,107.54,108.126,107.307,107.856,950200,0.0,0.0
2017-02-14,107.689,108.015,107.009,107.838,793100,0.0,0.0
2017-02-15,107.735,108.629,107.326,108.499,739700,0.0,0.0
2017-02-16,108.629,109.243,108.396,109.169,719400,0.0,0.0
2017-02-17,108.806,109.504,107.884,109.402,962700,0.0,0.0
2017-02-21,109.094,109.653,107.251,107.577,1471100,0.0,0.0
2017-02-22,107.614,108.378,106.972,107.605,1090400,0.0,0.0
2017-02-23,107.838,108.424,107.577,108.154,898200,0.0,0.0
2017-02-24,107.196,108.499,107.196,108.499,712700,0.0,0.0
2017-02-27,108.741,109.076,107.996,108.322,494200,0.0,0.0
2017-02-28,108.089,108.285,107.344,107.652,1212400,0.0,0.0
2017-03-01,109.374,109.737,108.396,109.383,916200,0.0,0.0
2017-03-02,109.42,109.523,108.285,108.406,783900,0.0,0.0
2017-03-03,108.322,108.713,107.987,108.424,762400,0.0,0.0
2017-03-06,107.791,108.536,107.661,107.708,728900,0.0,0.0
2017-03-07,107.531,107.968,107.075,107.549,774100,0.0,0.0
2017-03-08,107.977,108.173,107.0,107.624,1046200,0.0,0.0
2017-03-09,107.754,108.722,107.503,108.285,1175300,0.0,0.0
2017-03-10,108.508,109.793,108.257,109.709,1582600,0.0,0.0
2017-03-13,109.839,110.817,109.839,110.714,1496200,0.0,0.0
2017-03-14,110.537,110.658,109.96,110.23,782500,0.0,0.0
2017-03-15,110.305,110.928,110.007,110.789,1248800,0.0,0.0
2017-03-16,110.77,111.161,110.351,110.993,960700,0.0,0.0
2017-03-17,111.282,111.589,110.547,110.686,1203200,0.0,0.0
2017-03-20,110.602,110.742,109.839,110.007,736300,0.0,0.0
2017-03-21,110.723,110.723,109.094,109.439,1143300,0.0,0.0
2017-03-22,109.383,109.886,108.973,109.569,893300,0.0,0.0
2017-03-23,109.541,110.267,109.206,109.355,841900,0.0,0.0
2017-03-24,109.541,109.997,108.983,109.411,807600,0.0,0.0
2017-03-27,108.359,110.277,108.024,110.016,1132400,0.0,0.0
2017-03-28,109.727,111.096,109.606,110.658,1014700,0.0,0.0
2017-03-29,110.1,110.63,109.551,109.616,692000,0.0,0.0
2017-03-30,109.467,110.444,108.908,110.286,1042400,0.0,0.0
2017-03-31,109.727,110.789,109.597,110.481,1183400,0.0,0.0
2017-04-03,110.388,110.77,109.551,110.146,1192900,0.0,0.0
2017-04-04,109.96,110.695,109.29,110.677,927300,0.0,0.0
2017-04-05,110.779,112.073,110.779,110.984,1056400,0.0,0.0
2017-04-06,110.993,111.496,110.193,111.133,826700,0.0,0.0
2017-04-07,110.807,111.952,110.723,111.366,1223900,0.0,0.0
2017-04-10,111.487,111.989,110.975,111.477,975600,0.0,0.0
2017-04-11,110.975,111.487,110.416,111.449,795900,0.0,0.0
2017-04-12,110.919,111.217,110.156,110.463,897000,0.0,0.0
2017-04-13,110.277,110.798,109.932,109.932,651800,0.0,0.0
2017-04-17,109.988,110.956,109.988,110.817,957200,0.0,0.0
2017-04-18,110.23,110.891,110.081,110.64,832700,0.0,0.0
2017-04-19,111.105,111.328,110.5,110.882,926200,0.0,0.0
2017-04-20,111.189,112.678,110.733,112.222,1208300,0.0,0.0
2017-04-21,111.831,112.073,110.202,110.239,1327000,0.0,0.0
2017-04-24,111.245,111.971,110.547,110.807,2034600,0.0,0.0
2017-04-25,111.524,111.934,111.124,111.766,719200,0.0,0.0
2017-04-26,111.766,112.511,111.636,111.766,768100,0.0,0.0
2017-04-27,112.055,112.569,111.673,112.167,847800,0.36,0.0
2017-04-28,111.943,112.494,111.663,111.887,869800,0.0,0.0
2017-05-01,111.953,112.924,111.794,112.307,1049300,0.0,0.0
2017-05-02,112.541,113.017,111.729,111.962,1055900,0.0,0.0
2017-05-03,111.943,112.588,111.561,112.354,620300,0.0,0.0
2017-05-04,112.802,113.475,112.634,113.157,824000,0.0,0.0
2017-05-05,113.531,114.268,113.334,114.156,1207000,0.0,0.0
2017-05-08,114.408,114.838,114.119,114.66,1606300,0.0,0.0
2017-05-09,116.584,117.05,115.239,116.051,1977800,0.0,0.0
2017-05-10,115.977,116.247,115.622,115.855,1486800,0.0,0.0
2017-05-11,115.725,116.425,115.379,116.051,1403800,0.0,0.0
2017-05-12,115.323,116.331,115.258,115.995,1224900,0.0,0.0
2017-05-15,115.949,117.573,115.827,117.414,1080800,0.0,0.0
2017-05-16,117.639,117.769,117.06,117.62,1009900,0.0,0.0
2017-05-17,117.62,118.283,116.425,117.62,1543400,0.0,0.0
2017-05-18,117.629,118.918,117.144,118.283,1612400,0.0,0.0
2017-05-19,118.516,119.403,118.217,118.834,1221200,0.0,0.0
2017-05-22,118.666,120.001,118.46,119.851,1676700,0.0,0.0
2017-05-23,119.683,120.449,119.412,120.029,1623300,0.0,0.0
2017-05-24,120.402,120.738,120.066,120.617,1070100,0.0,0.0
2017-05-25,121.093,121.933,120.486,121.672,1309100,0.0,0.0
2017-05-26,121.672,121.887,121.27,121.382,961300,0.0,0.0
2017-05-30,121.308,122.26,121.018,122.036,902400,0.0,0.0
2017-05-31,122.409,122.886,121.494,122.223,1891100,0.0,0.0
2017-06-01,122.568,122.904,122.148,122.904,1071100,0.0,0.0
2017-06-02,122.736,123.138,122.307,122.68,2006600,0.0,0.0
2017-06-05,122.587,123.558,122.251,122.307,1597600,0.0,0.0
2017-06-06,121.709,122.269,121.205,121.803,1138000,0.0,0.0
2017-06-07,122.325,122.811,121.616,122.69,1216900,0.0,0.0
2017-06-08,122.69,123.38,122.559,122.97,1138200,0.0,0.0
2017-06-09,123.072,123.997,122.998,123.838,1219900,0.0,0.0
2017-06-12,123.689,124.202,123.446,124.202,1431300,0.0,0.0
2017-06-13,124.389,125.621,124.249,125.164,1755100,0.0,0.0
2017-06-14,125.108,126.219,124.846,126.051,995800,0.0,0.0
2017-06-15,125.621,126.854,125.621,126.648,986800,0.0,0.0
2017-06-16,126.798,127.432,126.377,127.404,1519500,0.0,0.0
2017-06-19,127.909,128.17,127.386,127.722,1233900,0.0,0.0
2017-06-20,127.554,127.778,127.078,127.115,1247800,0.0,0.0
2017-06-21,126.872,127.199,126.265,126.321,1580200,0.0,0.0
2017-06-22,126.004,126.471,125.266,125.341,1072000,0.0,0.0
2017-06-23,125.378,125.462,123.605,123.614,1889000,0.0,0.0
2017-06-26,123.707,124.557,123.605,124.202,1264100,0.0,0.0
2017-06-27,124.435,124.463,123.754,123.782,1065300,0.0,0.0
2017-06-28,124.277,125.276,123.913,125.089,814700,0.0,0.0
2017-06-29,125.967,125.967,123.502,124.025,947300,0.0,0.0
2017-06-30,124.473,124.688,123.418,124.127,1535900,0.0,0.0
2017-07-03,124.725,125.098,124.109,124.323,558600,0.0,0.0
2017-07-05,124.519,124.678,123.913,124.146,1275600,0.0,0.0
2017-07-06,124.37,125.276,123.595,124.538,1191200,0.0,0.0
2017-07-07,124.846,126.489,124.641,126.051,914100,0.0,0.0
2017-07-10,125.976,126.807,125.537,126.321,966700,0.0,0.0
2017-07-11,126.461,126.555,125.052,125.145,815200,0.0,0.0
2017-07-12,125.453,126.256,124.968,125.724,809800,0.0,0.0
2017-07-13,125.724,126.723,125.434,126.63,740300,0.0,0.0
2017-07-14,126.256,127.526,125.705,127.18,872900,0.0,0.0
2017-07-17,127.096,127.965,126.807,127.759,816800,0.0,0.0
2017-07-18,127.227,128.469,127.087,128.291,600300,0.0,0.0
2017-07-19,128.525,128.908,128.086,128.908,694600,0.0,0.0
2017-07-20,128.796,129.832,128.674,129.626,769900,0.0,0.0
2017-07-21,129.29,130.121,129.29,129.907,807400,0.0,0.0
2017-07-24,130.037,130.822,129.402,130.364,1076800,0.0,0.0
2017-07-25,131.26,131.933,130.616,130.71,773500,0.0,0.0
2017-07-26,130.71,130.84,129.645,129.729,797700,0.0,0.0
2017-07-27,129.682,129.72,126.601,126.891,1623000,0.0,0.0
2017-07-28,127.228,130.074,127.181,129.812,1046600,0.36,0.0
2017-07-31,130.13,130.607,129.325,129.344,898200,0.0,0.0
2017-08-01,129.812,130.776,129.325,130.673,980400,0.0,0.0
2017-08-02,130.448,130.738,129.559,130.336,1425800,0.0,0.0
2017-08-03,130.289,130.467,129.184,130.092,1429700,0.0,0.0
2017-08-04,131.057,132.414,129.194,130.074,1109900,0.0,0.0
2017-08-07,129.84,131.16,129.727,129.905,944900,0.0,0.0
2017-08-08,129.615,130.018,129.484,129.727,1034000,0.0,0.0
2017-08-09,129.418,131.356,129.418,131.234,755400,0.0,0.0
2017-08-10,130.429,131.122,129.896,129.98,842300,0.0,0.0
2017-08-11,130.532,130.607,129.475,129.55,708800,0.0,0.0
2017-08-14,130.523,131.122,130.121,130.738,680800,0.0,0.0
2017-08-15,131.178,131.375,130.336,130.383,838600,0.0,0.0
2017-08-16,130.589,131.253,130.298,130.42,883600,0.0,0.0
2017-08-17,130.401,130.804,127.949,127.967,1210400,0.0,0.0
2017-08-18,127.78,128.819,127.612,127.799,1345600,0.0,0.0
2017-08-21,128.005,129.512,127.546,129.344,1278900,0.0,0.0
2017-08-22,129.793,130.71,129.353,130.654,1153900,0.0,0.0
2017-08-23,130.13,130.448,129.306,129.39,807000,0.0,0.0
2017-08-24,129.512,129.952,128.922,128.978,724800,0.0,0.0
2017-08-25,129.568,129.83,129.044,129.231,726300,0.0,0.0
2017-08-28,129.503,129.971,129.156,129.54,656700,0.0,0.0
2017-08-29,128.716,129.372,128.267,129.091,944400,0.0,0.0
2017-08-30,128.988,129.812,128.763,129.325,733900,0.0,0.0
2017-08-31,129.465,130.373,129.278,130.27,1403700,0.0,0.0
2017-09-01,130.542,130.813,129.952,129.989,825000,0.0,0.0
2017-09-05,129.905,132.049,129.634,131.384,1361200,0.0,0.0
2017-09-06,131.909,132.096,130.944,131.272,1072400,0.0,0.0
2017-09-07,131.3,131.581,129.475,129.755,1142700,0.0,0.0
2017-09-08,129.746,133.987,129.671,133.528,1630600,0.0,0.0
2017-09-11,133.977,135.559,132.835,133.547,1290600,0.0,0.0
2017-09-12,133.519,133.893,133.191,133.762,875300,0.0,0.0
2017-09-13,133.575,134.099,132.929,133.856,933400,0.0,0.0
2017-09-14,133.697,133.697,132.208,133.06,1138000,0.0,0.0
2017-09-15,133.06,134.286,132.826,134.155,2573200,0.0,0.0
2017-09-18,134.389,134.951,133.837,134.848,852700,0.0,0.0
2017-09-19,135.269,135.924,134.979,135.213,1182100,0.0,0.0
2017-09-20,135.644,136.87,135.485,136.655,1137300,0.0,0.0
2017-09-21,136.692,137.207,135.316,135.681,1123700,0.0,0.0
2017-09-22,135.737,136.823,134.427,136.692,778900,0.0,0.0
2017-09-25,136.037,136.608,135.475,135.943,804100,0.0,0.0
2017-09-26,136.711,137.984,136.065,136.935,1486000,0.0,0.0
2017-09-27,138.227,138.227,136.692,137.076,971500,0.0,0.0
2017-09-28,137.394,137.806,136.861,137.563,1033800,0.0,0.0
2017-09-29,137.329,137.993,136.224,136.767,1292900,0.0,0.0
2017-10-02,136.935,138.096,136.261,137.881,930900,0.0,0.0
2017-10-03,137.591,138.087,137.095,137.9,712800,0.0,0.0
2017-10-04,137.881,137.881,136.701,137.282,785700,0.0,0.0
2017-10-05,137.478,137.806,137.141,137.272,1394100,0.0,0.0
2017-10-06,137.722,137.797,137.141,137.46,752200,0.0,0.0
2017-10-09,137.45,138.424,137.385,137.937,555000,0.0,0.0
2017-10-10,137.909,138.218,137.61,138.199,830300,0.0,0.0
2017-10-11,138.227,138.368,137.553,138.33,801100,0.0,0.0
2017-10-12,138.162,139.95,138.124,139.706,1461400,0.0,0.0
2017-10-13,139.969,140.53,139.416,139.837,694400,0.0,0.0
2017-10-16,140.371,140.568,139.379,140.371,521700,0.0,0.0
2017-10-17,140.455,140.558,139.014,139.669,852000,0.0,0.0
2017-10-18,139.716,140.38,139.332,140.043,998200,0.0,0.0
2017-10-19,139.781,141.223,139.407,141.186,637300,0.0,0.0
2017-10-20,141.962,142.15,141.335,141.859,773200,0.0,0.0
2017-10-23,141.972,142.73,141.616,142.234,650300,0.0,0.0
2017-10-24,142.206,143.02,142.15,142.646,790500,0.0,0.0
2017-10-25,142.196,142.608,141.242,141.962,928300,0.0,0.0
2017-10-26,142.431,142.431,140.231,141.551,1510200,0.0,0.0
2017-10-27,137.375,138.527,135.653,136.842,1738700,0.0,0.0
2017-10-30,134.305,136.233,133.865,134.286,1532600,0.0,0.0
2017-10-31,133.948,135.722,133.911,134.605,1491400,0.36,0.0
2017-11-01,134.971,135.807,133.911,134.052,1085700,0.0,0.0
2017-11-02,134.127,134.474,129.369,130.41,2834300,0.0,0.0
2017-11-03,130.335,130.673,129.425,130.11,1614200,0.0,0.0
2017-11-06,130.016,132.7,129.744,131.555,1411400,0.0,0.0
2017-11-07,131.649,132.316,131.283,131.584,1212500,0.0,0.0
2017-11-08,131.987,132.531,131.255,132.203,1364600,0.0,0.0
2017-11-09,131.94,134.756,131.452,134.634,1375000,0.0,0.0
2017-11-10,134.052,135.159,133.648,134.436,995700,0.0,0.0
2017-11-13,133.789,135.225,133.094,133.16,971800,0.0,0.0
2017-11-14,133.019,134.924,132.728,134.709,799200,0.0,0.0
2017-11-15,134.474,135.131,133.78,134.042,963900,0.0,0.0
2017-11-16,134.352,134.755,132.531,132.588,1026900,0.0,0.0
2017-11-17,132.118,132.785,131.471,132.494,912100,0.0,0.0
2017-11-20,132.954,133.629,132.222,133.31,1031500,0.0,0.0
2017-11-21,133.31,133.329,132.456,132.738,1358700,0.0,0.0
2017-11-22,132.841,133.216,130.532,130.673,1042100,0.0,0.0
2017-11-24,131.039,131.171,129.829,130.101,884100,0.0,0.0
2017-11-27,130.026,130.354,129.613,129.622,1384100,0.0,0.0
2017-11-28,129.753,131.903,129.641,131.33,943900,0.0,0.0
2017-11-29,131.396,132.503,131.349,131.827,961600,0.0,0.0
2017-11-30,132.513,132.616,130.673,131.593,2817200,0.0,0.0
2017-12-01,132.071,133.789,131.105,133.489,1571300,0.0,0.0
2017-12-04,134.146,134.568,130.992,131.077,1501300,0.0,0.0
2017-12-05,131.264,131.264,129.763,130.673,1010800,0.0,0.0
2017-12-06,131.086,131.086,130.213,130.551,760500,0.0,0.0
2017-12-07,130.26,130.579,128.881,129.941,966100,0.0,0.0
2017-12-08,130.439,130.439,129.509,129.969,663200,0.0,0.0
2017-12-11,129.735,130.157,129.322,129.791,1041500,0.0,0.0
2017-12-12,130.307,130.42,129.622,129.979,1081400,0.0,0.0
2017-12-13,129.791,130.129,128.074,128.158,1236400,0.0,0.0
2017-12-14,128.271,128.918,127.614,128.177,1449900,0.0,0.0
2017-12-15,129.068,131.058,128.862,129.875,3056900,0.0,0.0
2017-12-18,130.044,131.03,128.477,128.749,1477000,0.0,0.0
2017-12-19,128.974,129.8,127.839,128.449,1298900,0.0,0.0
2017-12-20,129.162,129.181,127.923,127.999,842600,0.0,0.0
2017-12-21,128.449,128.909,126.863,127.013,884100,0.0,0.0
2017-12-22,126.685,127.238,125.005,125.146,1389900,0.0,0.0
2017-12-26,125.436,125.671,124.92,125.099,510600,0.0,0.0
2017-12-27,125.39,125.878,124.958,125.68,753000,0.0,0.0
2017-12-28,126.225,126.394,125.455,126.244,772000,0.0,0.0
2017-12-29,126.553,126.966,125.727,125.756,723800,0.0,0.0
2018-01-02,125.99,126.459,123.175,123.4,878000,0.0,0.0
2018-01-03,123.391,125.493,122.818,125.371,1201800,0.0,0.0
2018-01-04,126.272,128.13,125.615,127.088,1452400,0.0,0.0
2018-01-05,127.069,128.289,126.675,128.167,820700,0.0,0.0
2018-01-08,127.473,128.374,126.872,128.177,925300,0.0,0.0
2018-01-09,128.318,129.772,127.98,128.496,1457300,0.0,0.0
2018-01-10,128.58,128.965,127.342,128.252,1331800,0.0,0.0
2018-01-11,128.111,128.214,126.619,126.947,737100,0.0,0.0
2018-01-12,127.529,128.843,126.328,128.149,905700,0.0,0.0
2018-01-16,127.999,128.336,126.028,126.262,1265500,0.0,0.0
2018-01-17,126.835,128.552,126.581,128.102,1040300,0.0,0.0
2018-01-18,127.698,127.708,125.202,126.769,1132100,0.0,0.0
2018-01-19,127.295,127.473,126.112,126.863,1301500,0.0,0.0
2018-01-22,126.882,127.792,126.478,127.614,1136900,0.0,0.0
2018-01-23,127.511,130.148,127.323,128.965,1063300,0.0,0.0
2018-01-24,129.359,130.692,128.102,130.288,1209500,0.0,0.0
2018-01-25,130.307,131.368,129.669,130.964,1183700,0.0,0.0
2018-01-26,131.433,134.652,130.964,134.643,1184600,0.0,0.0
2018-01-29,134.155,134.427,132.682,133.582,1157900,0.0,0.0
2018-01-30,133.423,134.558,132.409,133.029,1463500,0.0,0.0
2018-01-31,133.029,134.515,132.464,133.763,1846200,0.36,0.0
2018-02-01,133.603,136.021,132.624,135.936,1374100,0.0,0.0
2018-02-02,134.741,139.229,132.314,135.099,2229800,0.0,0.0
2018-02-05,135.052,136.416,131.505,132.041,2567800,0.0,0.0
2018-02-06,129.491,132.06,127.478,131.646,3317900,0.0,0.0
2018-02-07,131.392,134.195,131.109,132.238,1959900,0.0,0.0
2018-02-08,131.984,132.812,127.892,128.004,2089600,0.0,0.0
2018-02-09,129.369,130.592,126.819,129.754,2396700,0.0,0.0
2018-02-12,130.545,132.634,130.112,131.683,1422500,0.0,0.0
2018-02-13,130.808,131.617,129.764,130.996,1196600,0.0,0.0
2018-02-14,130.582,132.285,130.027,131.693,1611200,0.0,0.0
2018-02-15,132.154,132.963,131.599,132.558,1292300,0.0,0.0
2018-02-16,132.06,133.273,131.523,132.53,1241000,0.0,0.0
2018-02-20,131.937,133.584,131.617,132.398,940400,0.0,0.0
2018-02-21,132.314,133.659,131.081,131.128,1099500,0.0,0.0
2018-02-22,131.655,131.73,129.557,130.893,1482900,0.0,0.0
2018-02-23,131.458,133.64,130.225,133.518,1080600,0.0,0.0
2018-02-26,133.96,134.845,133.151,134.826,997000,0.0,0.0
2018-02-27,134.487,135.776,133.998,134.035,1360600,0.0,0.0
2018-02-28,134.553,135.738,131.984,132.022,1811000,0.0,0.0
2018-03-01,131.834,132.812,128.898,129.322,1174300,0.0,0.0
2018-03-02,128.729,130.479,128.24,130.3,819700,0.0,0.0
2018-03-05,129.642,133.574,128.55,133.019,1136500,0.0,0.0
2018-03-06,133.057,133.847,130.959,133.763,1007300,0.0,0.0
2018-03-07,132.652,134.468,132.37,134.064,891100,0.0,0.0
2018-03-08,134.544,136.19,133.894,135.701,791600,0.0,0.0
2018-03-09,136.425,139.398,136.406,139.276,1489300,0.0,0.0
2018-03-12,139.436,139.662,136.971,137.658,1019700,0.0,0.0
2018-03-13,138.044,138.392,137.056,137.328,876100,0.0,0.0
2018-03-14,138.044,138.044,135.324,135.691,1196700,0.0,0.0
2018-03-15,136.548,136.98,135.428,136.397,1640500,0.0,0.0
2018-03-16,136.275,137.827,136.228,137.338,1431000,0.0,0.0
2018-03-19,137.366,138.232,135.861,136.425,791800,0.0,0.0
2018-03-20,137.018,137.479,136.359,136.689,862600,0.0,0.0
2018-03-21,136.698,136.877,134.929,134.929,1372900,0.0,0.0
2018-03-22,134.111,135.306,130.893,131.072,1562200,0.0,0.0
2018-03-23,131.505,132.398,129.021,129.058,1492500,0.0,0.0
2018-03-26,130.046,132.756,129.764,132.474,934900,0.0,0.0
2018-03-27,132.474,133.537,129.783,130.611,1306300,0.0,0.0
2018-03-28,130.893,132.238,130.215,131.213,911600,0.0,0.0
2018-03-29,131.994,133.584,130.949,132.031,1342100,0.0,0.0
2018-04-02,132.558,132.878,128.418,130.018,1148100,0.0,0.0
2018-04-03,130.413,131.185,129.181,130.535,725600,0.0,0.0
2018-04-04,129.416,132.088,128.983,131.843,633600,0.0,0.0
2018-04-05,132.427,132.803,131.363,131.881,625400,0.0,0.0
2018-04-06,130.978,132.078,128.964,130.027,682600,0.0,0.0
2018-04-09,130.423,132.483,129.811,130.789,1014100,0.0,0.0
2018-04-10,131.777,132.831,131.072,131.871,716000,0.0,0.0
2018-04-11,130.78,131.909,130.582,131.759,759300,0.0,0.0
2018-04-12,132.389,134.177,132.351,133.226,1018300,0.0,0.0
2018-04-13,134.054,134.863,133.264,133.621,668300,0.0,0.0
2018-04-16,134.675,137.074,133.838,135.277,646200,0.0,0.0
2018-04-17,135.654,136.115,134.807,135.56,857600,0.0,0.0
2018-04-18,136.143,136.218,135.202,135.673,654900,0.0,0.0
2018-04-19,135.71,136.971,135.183,136.256,947200,0.0,0.0
2018-04-20,136.651,137.103,134.826,135.522,974700,0.0,0.0
2018-04-23,135.917,136.425,134.995,135.277,789700,0.0,0.0
2018-04-24,135.334,135.861,133.311,133.913,998300,0.0,0.0
2018-04-25,133.791,133.96,132.652,133.574,1022500,0.0,0.0
2018-04-26,134.29,136.068,132.624,135.014,1019800,0.0,0.0
2018-04-27,134.544,135.974,134.374,135.701,646500,0.0,0.0
2018-04-30,135.993,136.437,134.38,134.418,1000900,0.4,0.0
2018-05-01,134.248,135.031,133.333,134.786,632400,0.0,0.0
2018-05-02,134.116,134.663,131.776,131.889,930500,0.0,0.0
2018-05-03,131.125,132.38,129.54,132.087,943800,0.0,0.0
2018-05-04,131.248,132.502,129.247,131.606,1124200,0.0,0.0
2018-05-07,131.549,133.267,131.512,132.436,755000,0.0,0.0
2018-05-08,132.021,133.37,131.823,132.946,716600,0.0,0.0
2018-05-09,133.295,133.87,132.455,133.304,911700,0.0,0.0
2018-05-10,133.455,136.239,132.984,136.088,1090100,0.0,0.0
2018-05-11,136.04,136.739,135.474,135.946,814600,0.0,0.0
2018-05-14,136.22,136.625,134.842,135.135,679000,0.0,0.0
2018-05-15,134.861,135.654,132.54,132.814,1021100,0.0,0.0
2018-05-16,133.012,134.418,131.842,132.078,1076900,0.0,0.0
2018-05-17,131.851,133.219,131.078,132.974,742800,0.0,0.0
2018-05-18,133.219,134.191,132.814,133.314,876100,0.0,0.0
2018-05-21,133.559,135.493,133.54,134.05,657000,0.0,0.0
2018-05-22,134.04,135.484,133.993,134.833,778300,0.0,0.0
2018-05-23,133.984,135.05,133.672,134.106,776600,0.0,0.0
2018-05-24,133.842,134.701,132.785,134.342,746200,0.0,0.0
2018-05-25,134.304,135.437,133.635,134.182,694800,0.0,0.0
2018-05-29,132.889,132.974,129.879,130.54,1176900,0.0,0.0
2018-05-30,131.446,133.059,131.248,132.304,749800,0.0,0.0
2018-05-31,132.163,133.54,131.37,131.965,1393400,0.0,0.0
2018-06-01,133.286,133.286,131.851,132.163,689400,0.0,0.0
2018-06-04,132.785,133.87,132.625,133.389,577900,0.0,0.0
2018-06-05,132.814,133.578,132.087,132.767,977300,0.0,0.0
2018-06-06,133.399,134.323,132.965,133.625,796600,0.0,0.0
2018-06-07,133.889,134.21,133.295,134.012,700500,0.0,0.0
2018-06-08,134.267,134.937,133.748,134.889,777700,0.0,0.0
2018-06-11,135.012,135.238,134.248,134.578,838500,0.0,0.0
2018-06-12,134.918,134.918,133.653,133.852,642600,0.0,0.0
2018-06-13,134.219,134.691,133.238,133.285,759900,0.0,0.0
2018-06-14,133.748,133.833,132.106,132.285,819700,0.0,0.0
2018-06-15,132.031,132.078,130.012,131.644,2139200,0.0,0.0
2018-06-18,130.974,132.37,130.663,132.333,769000,0.0,0.0
2018-06-19,131.634,132.153,131.248,131.804,1066900,0.0,0.0
2018-06-20,131.795,132.087,129.719,129.823,1044800,0.0,0.0
2018-06-21,129.191,129.785,128.549,128.832,926800,0.0,0.0
2018-06-22,129.257,129.898,127.672,129.389,1073800,0.0,0.0
2018-06-25,129.37,130.398,128.766,129.917,980300,0.0,0.0
2018-06-26,129.917,130.663,129.587,129.964,999600,0.0,0.0
2018-06-27,129.747,130.247,127.313,127.36,954500,0.0,0.0
2018-06-28,127.285,128.983,127.2,128.483,716600,0.0,0.0
2018-06-29,128.842,130.436,128.587,129.417,1150300,0.0,0.0
2018-07-02,128.917,129.861,128.842,129.493,777600,0.0,0.0
2018-07-03,129.766,130.615,129.191,129.332,411000,0.0,0.0
2018-07-05,129.474,130.54,129.181,130.408,710800,0.0,0.0
2018-07-06,130.634,132.484,130.512,131.729,837400,0.0,0.0
2018-07-09,131.984,134.559,131.984,134.474,984600,0.0,0.0
2018-07-10,134.38,135.078,134.182,134.748,700600,0.0,0.0
2018-07-11,134.427,134.984,133.804,134.436,709300,0.0,0.0
2018-07-12,135.239,135.776,134.72,135.748,679600,0.0,0.0
2018-07-13,135.72,136.201,135.361,136.05,662700,0.0,0.0
2018-07-16,136.106,137.484,136.106,137.003,740100,0.0,0.0
2018-07-17,137.003,137.654,136.371,137.39,555300,0.0,0.0
2018-07-18,137.333,139.201,137.05,139.012,629900,0.0,0.0
2018-07-19,138.409,139.305,137.701,137.89,649400,0.0,0.0
2018-07-20,137.739,138.173,137.352,137.899,670400,0.0,0.0
2018-07-23,137.927,138.909,137.418,138.871,797100,0.0,0.0
2018-07-24,139.163,139.673,138.465,138.88,788500,0.0,0.0
2018-07-25,138.701,139.437,138.229,139.361,877900,0.0,0.0
2018-07-26,139.899,139.899,138.89,139.814,1049900,0.0,0.0
2018-07-27,138.512,139.748,136.05,136.333,1345300,0.0,0.0
2018-07-30,136.248,137.163,135.163,135.286,986400,0.0,0.0
2018-07-31,135.2,135.948,134.586,135.815,1141000,0.4,0.0
2018-08-01,135.853,136.194,134.444,134.652,748000,0.0,0.0
2018-08-02,134.103,134.103,132.409,133.781,1062600,0.0,0.0
2018-08-03,133.611,135.494,133.403,135.409,849500,0.0,0.0
2018-08-06,135.475,136.601,135.286,136.033,766200,0.0,0.0
2018-08-07,135.891,136.837,135.569,135.692,572800,0.0,0.0
2018-08-08,135.872,136.014,135.087,135.655,425600,0.0,0.0
2018-08-09,136.139,136.309,135.389,135.655,431800,0.4,0.0
2018-08-10,134.924,134.924,133.909,134.497,659600,0.0,0.0
2018-08-13,134.545,135.522,132.628,133.283,852900,0.0,0.0
2018-08-14,133.596,134.032,132.78,133.634,600000,0.0,0.0
2018-08-15,132.989,134.203,132.913,133.89,567800,0.0,0.0
2018-08-16,134.25,136.006,134.184,135.503,822400,0.0,0.0
2018-08-17,135.569,136.565,135.474,136.101,895000,0.0,0.0
2018-08-20,136.11,136.509,135.617,135.683,759700,0.0,0.0
2018-08-21,135.731,137.362,135.37,136.964,799000,0.0,0.0
2018-08-22,136.385,136.964,135.37,135.806,643000,0.0,0.0
2018-08-23,135.664,136.338,135.503,135.825,761400,0.0,0.0
2018-08-24,136.034,138.055,135.825,137.989,1319200,0.0,0.0
2018-08-27,138.235,138.463,137.211,137.884,465500,0.0,0.0
2018-08-28,138.131,138.131,137.268,137.619,550000,0.0,0.0
2018-08-29,137.41,139.032,137.41,138.653,509800,0.0,0.0
2018-08-30,138.615,138.615,136.528,136.983,534800,0.0,0.0
2018-08-31,136.812,138.197,136.509,138.102,881800,0.0,0.0
2018-09-04,137.913,139.374,137.419,139.345,820000,0.0,0.0
2018-09-05,139.421,140.304,139.222,140.161,925800,0.0,0.0
2018-09-06,140.323,143.093,140.323,142.723,1025800,0.0,0.0
2018-09-07,142.552,142.932,142.011,142.334,820600,0.0,0.0
2018-09-10,142.448,142.789,141.964,142.068,565800,0.0,0.0
2018-09-11,141.992,143.586,141.698,143.283,766900,0.0,0.0
2018-09-12,143.046,143.596,142.818,143.34,763600,0.0,0.0
2018-09-13,143.947,143.947,143.349,143.653,657000,0.0,0.0
2018-09-14,143.624,144.222,143.112,144.184,766400,0.0,0.0
2018-09-17,144.507,144.839,143.416,144.355,820600,0.0,0.0
2018-09-18,144.165,145.152,143.245,145.047,1203500,0.0,0.0
2018-09-19,145.161,147.457,144.934,147.287,1233700,0.0,0.0
2018-09-20,147.533,147.533,146.831,147.211,904800,0.0,0.0
2018-09-21,147.865,148.681,147.353,148.453,1483500,0.0,0.0
2018-09-24,148.435,148.435,146.746,147.211,1117500,0.0,0.0
2018-09-25,148.482,148.842,147.192,147.827,1260400,0.0,0.0
2018-09-26,147.837,148.008,146.357,146.717,854800,0.0,0.0
2018-09-27,146.879,150.636,146.433,147.704,849200,0.0,0.0
2018-09-28,147.097,147.638,145.759,145.901,960200,0.0,0.0
2018-10-01,146.622,147.315,145.977,146.917,475800,0.0,0.0
2018-10-02,147.751,148.558,146.916,148.245,662300,0.0,0.0
2018-10-03,148.529,149.905,148.34,148.852,1441200,0.0,0.0
2018-10-04,148.937,149.886,148.605,149.355,892800,0.0,0.0
2018-10-05,149.118,149.848,147.353,147.552,1003300,0.0,0.0
2018-10-08,147.268,148.482,147.04,148.207,634700,0.0,0.0
2018-10-09,148.254,149.459,147.144,149.07,647600,0.0,0.0
2018-10-10,148.776,149.032,143.368,143.397,1076900,0.0,0.0
2018-10-11,143.017,144.241,140.56,140.626,1367300,0.0,0.0
2018-10-12,142.059,142.59,138.738,140.266,1080600,0.0,0.0
2018-10-15,140.114,141.006,139.469,139.639,631900,0.0,0.0
2018-10-16,140.256,142.268,139.943,142.173,635100,0.0,0.0
2018-10-17,142.287,143.501,141.565,142.751,775000,0.0,0.0
2018-10-18,142.628,143.691,141.072,141.85,468400,0.0,0.0
2018-10-19,141.878,144.288,141.765,143.359,737000,0.0,0.0
2018-10-22,143.719,144.25,143.292,143.681,805700,0.0,0.0
2018-10-23,142.163,142.6,140.247,141.85,658000,0.0,0.0
2018-10-24,141.414,141.689,138.548,138.805,857500,0.0,0.0
2018-10-25,139.725,143.102,139.431,142.296,1427900,0.0,0.0
2018-10-26,144.212,146.082,141.964,144.507,2578200,0.0,0.0
2018-10-29,147.059,149.184,145.835,147.239,1712800,0.0,0.0
2018-10-30,148.529,150.977,146.679,150.569,2344900,0.0,0.0
2018-10-31,151.844,151.92,148.458,148.553,1551700,0.4,0.0
2018-11-01,148.467,148.686,146.508,148.096,941100,0.0,0.0
2018-11-02,149.285,149.913,146.641,148.553,739600,0.0,0.0
2018-11-05,148.81,150.969,148.334,150.455,591600,0.0,0.0
2018-11-06,150.436,151.863,150.246,151.796,902000,0.0,0.0
2018-11-07,152.186,155.344,152.005,155.087,1085200,0.0,0.0
2018-11-08,154.764,156.809,154.764,156.78,1133000,0.0,0.0
2018-11-09,156.581,157.351,155.886,156.505,911300,0.0,0.0
2018-11-12,156.742,156.847,154.697,154.935,1152000,0.0,0.0
2018-11-13,154.821,156.761,154.402,155.325,957200,0.0,0.0
2018-11-14,156.524,156.524,152.69,154.108,977900,0.0,0.0
2018-11-15,152.738,155.667,152.329,155.097,924800,0.0,0.0
2018-11-16,154.298,156.6,153.908,156.038,959100,0.0,0.0
2018-11-19,156.153,158.283,155.591,157.494,921100,0.0,0.0
2018-11-20,155.991,156.21,153.223,153.775,1063400,0.0,0.0
2018-11-21,154.079,155.344,153.194,153.204,832500,0.0,0.0
2018-11-23,152.415,154.517,152.205,153.375,448000,0.0,0.0
2018-11-26,154.355,154.859,152.985,154.098,868000,0.0,0.0
2018-11-27,153.48,154.507,152.034,153.594,846800,0.0,0.0
2018-11-28,153.204,156.333,153.204,155.981,1001600,0.0,0.0
2018-11-29,155.125,156.904,155.106,155.687,758300,0.0,0.0
2018-11-30,155.744,157.798,155.648,157.047,2568200,0.0,0.0
2018-12-03,158.093,158.35,155.049,156.913,988200,0.0,0.0
2018-12-04,156.742,158.416,154.421,154.773,898800,0.0,0.0
2018-12-06,151.853,153.185,148.648,152.719,1096800,0.0,0.0
2018-12-07,152.738,154.117,150.484,150.978,770100,0.0,0.0
2018-12-10,151.149,151.492,148.011,150.027,827900,0.0,0.0
2018-12-11,151.425,153.67,147.335,148.144,820300,0.0,0.0
2018-12-12,150.103,150.274,147.763,147.811,1057000,0.0,0.0
2018-12-13,148.011,148.619,146.603,148.477,984900,0.0,0.0
2018-12-14,147.545,147.887,145.623,146.318,962900,0.0,0.0
2018-12-17,146.127,146.822,142.437,143.026,1155600,0.0,0.0
2018-12-18,143.749,144.995,141.904,142.969,854000,0.0,0.0
2018-12-19,143.122,144.758,140.649,141.067,1085800,0.0,0.0
2018-12-20,141.096,141.771,137.786,138.651,1244400,0.0,0.0
2018-12-21,137.434,139.403,133.772,134.352,3070700,0.0,0.0
2018-12-24,133.943,134.105,130.728,130.728,729500,0.0,0.0
2018-12-26,131.651,133.638,128.692,133.439,1081700,0.0,0.0
2018-12-27,131.841,136.15,131.289,136.14,1444900,0.0,0.0
2018-12-28,136.825,138.09,135.522,136.682,841800,0.0,0.0
2018-12-31,137.196,138.537,136.663,138.261,741700,0.0,0.0
2019-01-02,136.568,137.5,135.779,137.006,961600,0.0,0.0
2019-01-03,136.311,137.034,134.713,134.951,1027400,0.0,0.0
2019-01-04,136.15,137.691,134.875,137.491,1882800,0.0,0.0
2019-01-07,136.863,138.994,136.482,137.186,926500,0.0,0.0
2019-01-08,137.167,137.976,134.951,137.843,1277200,0.0,0.0
2019-01-09,138.423,140.335,137.719,138.042,1428300,0.0,0.0
2019-01-10,138.004,140.696,137.348,140.42,931700,0.0,0.0
2019-01-11,139.412,140.097,138.061,140.059,963200,0.0,0.0
2019-01-14,139.184,140.668,139.184,140.401,808700,0.0,0.0
2019-01-15,140.42,142.399,140.011,142.37,832700,0.0,0.0
2019-01-16,142.513,144.082,141.486,143.616,923000,0.0,0.0
2019-01-17,143.017,145.423,143.017,145.053,800100,0.0,0.0
2019-01-18,145.585,147.145,145.214,146.869,839800,0.0,0.0
2019-01-22,146.546,147.678,145.224,146.194,759100,0.0,0.0
2019-01-23,146.479,147.193,145.043,146.536,724200,0.0,0.0
2019-01-24,146.337,147.05,145.519,146.394,998300,0.0,0.0
2019-01-25,147.069,148.125,146.203,146.85,706300,0.0,0.0
2019-01-28,145.966,146.422,144.739,146.165,836000,0.0,0.0
2019-01-29,145.785,146.203,144.244,144.957,978500,0.0,0.0
2019-01-30,145.205,147.193,145.005,146.955,2153700,0.0,0.0
2019-01-31,146.631,150.56,146.068,148.986,1879100,0.4,0.0
2019-02-01,150.493,160.678,150.235,159.695,3265100,0.0,0.0
2019-02-04,160.687,160.687,157.502,159.066,1771300,0.0,0.0
2019-02-05,159.562,161.145,158.656,160.926,1114500,0.0,0.0
2019-02-06,160.458,160.926,158.942,160.544,1175500,0.0,0.0
2019-02-07,159.514,159.857,157.054,159.142,1060400,0.0,0.0
2019-02-08,158.761,160.372,158.675,160.372,847900,0.0,0.0
2019-02-11,160.906,162.9,160.458,162.842,1103000,0.0,0.0
2019-02-12,163.653,164.196,162.518,163.338,1101000,0.0,0.0
2019-02-13,163.624,165.064,163.3,164.94,1073100,0.0,0.0
2019-02-14,163.643,164.149,161.717,161.755,961100,0.0,0.0
2019-02-15,163.5,164.12,162.394,163.996,1257900,0.0,0.0
2019-02-19,163.367,165.484,162.966,164.654,1080500,0.0,0.0
2019-02-20,164.73,165.284,163.701,164.788,1005000,0.0,0.0
2019-02-21,164.912,165.303,163.977,164.406,929200,0.0,0.0
2019-02-22,164.464,164.654,163.434,164.082,998100,0.0,0.0
2019-02-25,164.292,165.188,163.062,163.233,982500,0.0,0.0
2019-02-26,163.024,164.12,162.718,163.405,993400,0.0,0.0
2019-02-27,162.766,163.491,162.28,163.252,662000,0.0,0.0
2019-02-28,163.167,164.311,162.747,163.577,1205600,0.0,0.0
2019-03-01,164.74,164.893,162.957,163.691,899800,0.0,0.0
2019-03-04,164.015,164.359,161.879,162.718,1663400,0.0,0.0
2019-03-05,163.376,164.683,148.853,149.959,6699600,0.0,0.0
2019-03-06,158.799,158.837,155.738,156.396,2534200,0.0,0.0
2019-03-07,155.824,156.386,154.25,155.013,1644300,0.0,0.0
2019-03-08,154.097,154.651,152.858,154.527,934700,0.0,0.0
2019-03-11,155.242,157.101,155.118,157.073,1064300,0.0,0.0
2019-03-12,157.225,159.266,156.815,158.761,959500,0.0,0.0
2019-03-13,159.018,160.639,158.932,159.343,818300,0.0,0.0
2019-03-14,159.505,161.402,159.314,160.763,833400,0.0,0.0
2019-03-15,160.897,162.375,160.163,162.118,1828900,0.0,0.0
2019-03-18,162.118,162.804,160.983,161.355,825900,0.0,0.0
2019-03-19,161.355,161.612,159.962,160.172,702500,0.0,0.0
2019-03-20,159.753,160.182,157.988,158.026,716200,0.0,0.0
2019-03-21,157.95,160.773,157.664,160.401,784800,0.0,0.0
2019-03-22,158.408,159.905,158.217,158.599,822700,0.0,0.0
2019-03-25,158.847,159.209,157.559,158.913,814800,0.0,0.0
2019-03-26,159.161,160.067,158.322,159.981,777200,0.0,0.0
2019-03-27,160.077,160.859,159.161,160.191,982200,0.0,0.0
2019-03-28,160.611,161.469,160.134,161.326,676600,0.0,0.0
2019-03-29,162.118,162.909,161.669,162.785,1170800,0.0,0.0
2019-04-01,163.758,165.532,163.348,165.398,1035000,0.0,0.0
2019-04-02,166.027,167.134,164.874,165.112,836700,0.0,0.0
2019-04-03,165.713,165.913,163.863,164.731,1072300,0.0,0.0
2019-04-04,165.036,165.551,163.643,164.54,537600,0.0,0.0
2019-04-05,164.502,165.474,163.968,164.587,672700,0.0,0.0
2019-04-08,164.216,164.855,163.662,164.778,430500,0.0,0.0
2019-04-09,163.891,164.349,163.443,164.025,731000,0.0,0.0
2019-04-10,164.225,165.007,163.977,164.826,390100,0.0,0.0
2019-04-11,164.807,166.132,163.92,165.827,939300,0.0,0.0
2019-04-12,167.086,168.125,166.552,167.954,724200,0.0,0.0
2019-04-15,167.868,168.555,167.525,167.801,554000,0.0,0.0
2019-04-16,167.715,168.755,167.696,168.726,718200,0.0,0.0
2019-04-17,169.756,170.576,165.78,167.239,955900,0.0,0.0
2019-04-18,166.495,167.706,165.284,167.048,838300,0.0,0.0
2019-04-22,166.561,167.782,166.409,166.781,600500,0.0,0.0
2019-04-23,166.819,170.195,166.638,170.109,900000,0.0,0.0
2019-04-24,170.119,171.749,169.708,170.023,1087500,0.0,0.0
2019-04-25,169.117,171.711,168.707,171.282,883600,0.0,0.0
2019-04-26,172.035,174.143,168.879,171.816,899600,0.0,0.0
2019-04-29,171.454,172.321,169.728,170.29,787300,0.0,0.0
2019-04-30,169.917,172.413,168.589,172.212,1005800,0.44,0.0
2019-05-01,171.925,171.935,167.795,167.986,853600,0.0,0.0
2019-05-02,167.843,169.124,166.591,168.713,687100,0.0,0.0
2019-05-03,169.286,171.476,169.229,170.883,866700,0.0,0.0
2019-05-06,168.914,172.279,168.914,171.772,831600,0.0,0.0
2019-05-07,170.873,171.208,168.33,169.009,807000,0.0,0.0
2019-05-08,168.981,170.931,168.493,169.611,659200,0.0,0.0
2019-05-09,168.579,169.458,167.155,168.742,639900,0.0,0.0
2019-05-10,168.589,171.762,167.441,171.218,755700,0.0,0.0
2019-05-13,168.78,169.353,167.613,168.474,754700,0.0,0.0
2019-05-14,168.856,171.791,168.828,170.214,772500,0.0,0.0
2019-05-15,169.172,172.709,168.808,171.007,752300,0.0,0.0
2019-05-16,171.39,174.344,171.246,173.703,994500,0.0,0.0
2019-05-17,171.935,173.665,171.619,172.594,1095400,0.0,0.0
2019-05-20,172.279,172.575,170.262,170.673,762200,0.0,0.0
2019-05-21,171.265,172.833,171.265,172.413,881100,0.0,0.0
2019-05-22,171.638,173.149,170.625,172.996,1022500,0.0,0.0
2019-05-23,172.288,172.317,169.592,170.405,1096600,0.0,0.0
2019-05-24,170.711,170.749,168.971,169.965,864700,0.0,0.0
2019-05-28,170.166,172.269,169.697,171.418,2300800,0.0,0.0
2019-05-29,171.017,171.801,169.22,171.237,878100,0.0,0.0
2019-05-30,171.925,174.124,171.686,173.76,1083200,0.0,0.0
2019-05-31,172.967,174.124,171.743,172.145,933400,0.0,0.0
2019-06-03,172.556,174.21,172.011,174.085,867900,0.0,0.0
2019-06-04,174.946,175.185,172.795,174.764,1024700,0.0,0.0
2019-06-05,175.386,179.229,174.908,179.21,1093600,0.0,0.0
2019-06-06,179.649,180.013,178.445,179.477,792300,0.0,0.0
2019-06-07,179.009,183.167,178.99,181.867,1037000,0.0,0.0
2019-06-10,183.273,184.305,182.125,182.469,1010600,0.0,0.0
2019-06-11,183.043,183.521,180.385,181.112,878700,0.0,0.0
2019-06-12,181.628,183.148,180.596,180.902,781400,0.0,0.0
2019-06-13,180.997,181.886,180.223,181.332,788000,0.0,0.0
2019-06-14,180.806,183.273,180.385,182.364,678000,0.0,0.0
2019-06-17,182.823,183.053,180.223,180.5,632300,0.0,0.0
2019-06-18,181.227,182.469,180.462,181.762,657700,0.0,0.0
2019-06-19,181.322,183.789,181.322,183.55,759100,0.0,0.0
2019-06-20,184.324,185.462,183.521,185.003,930300,0.0,0.0
2019-06-21,185.032,185.462,183.445,183.569,1535800,0.0,0.0
2019-06-24,183.961,185.605,183.913,185.003,871000,0.0,0.0
2019-06-25,184.888,185.949,184.592,184.745,737700,0.0,0.0
2019-06-26,184.706,185.71,181.188,181.533,861600,0.0,0.0
2019-06-27,181.829,184.276,181.093,184.095,490700,0.0,0.0
2019-06-28,184.697,185.165,183.492,184.487,905700,0.0,0.0
2019-07-01,185.815,186.561,184.467,186.552,739600,0.0,0.0
2019-07-02,186.838,187.852,185.873,187.307,588900,0.0,0.0
2019-07-03,187.546,189.869,187.46,189.745,481800,0.0,0.0
2019-07-05,189.333,189.333,187.125,188.884,444300,0.0,0.0
2019-07-08,188.597,188.97,187.794,187.823,635600,0.0,0.0
2019-07-09,187.144,187.947,186.341,187.9,629200,0.0,0.0
2019-07-10,188.358,189.238,187.498,189.114,630600,0.0,0.0
2019-07-11,189.238,189.238,187.469,187.986,584800,0.0,0.0
2019-07-12,188.798,188.903,187.613,188.779,450800,0.0,0.0
2019-07-15,189.19,189.276,188.444,188.836,739400,0.0,0.0
2019-07-16,189.19,189.247,188.033,188.406,454300,0.0,0.0
2019-07-17,188.282,188.616,186.16,186.188,584200,0.0,0.0
2019-07-18,186.638,188.75,185.557,188.368,653300,0.0,0.0
2019-07-19,188.712,188.712,186.102,186.332,593300,0.0,0.0
2019-07-22,186.513,187.097,185.338,185.605,493700,0.0,0.0
2019-07-23,185.643,186.427,184.859,186.131,629500,0.0,0.0
2019-07-24,185.682,187.297,184.85,187.269,683700,0.0,0.0
2019-07-25,188.32,188.703,187.087,188.186,827400,0.0,0.0
2019-07-26,188.052,189.286,184.477,185.997,1851100,0.0,0.0
2019-07-29,185.997,188.368,185.538,187.173,840200,0.0,0.0
2019-07-30,186.552,186.552,183.961,184.668,877400,0.0,0.0
2019-07-31,184.841,186.01,180.012,181.334,811800,0.44,0.0
2019-08-01,181.037,185.272,180.51,182.024,721400,0.0,0.0
2019-08-02,181.966,184.247,180.874,183.049,810800,0.0,0.0
2019-08-05,181.008,181.382,174.282,175.585,1325000,0.0,0.0
2019-08-06,175.834,179.667,175.614,179.552,840400,0.0,0.0
2019-08-07,178.364,179.331,175.661,178.574,872000,0.0,0.0
2019-08-08,179.36,182.388,179.235,181.765,925400,0.0,0.0
2019-08-09,181.985,183.116,179.465,181.506,693400,0.0,0.0
2019-08-12,180.165,181.161,177.827,178.459,516700,0.0,0.0
2019-08-13,178.392,183.288,177.453,182.991,886700,0.0,0.0
2019-08-14,180.586,182.685,179.053,179.331,1338800,0.0,0.0
2019-08-15,179.12,181.985,178.498,181.267,861400,0.0,0.0
2019-08-16,182.321,184.247,180.96,183.499,835800,0.0,0.0
2019-08-19,184.448,187.294,184.448,186.173,696600,0.0,0.0
2019-08-20,185.694,186.441,183.116,183.327,683000,0.0,0.0
2019-08-21,184.668,185.809,183.959,185.09,651900,0.0,0.0
2019-08-22,185.396,186.585,183.71,186.0,493500,0.0,0.0
2019-08-23,185.31,186.489,180.309,181.209,783300,0.0,0.0
2019-08-26,182.464,183.576,180.979,183.509,428000,0.0,0.0
2019-08-27,184.103,185.023,182.12,183.145,675600,0.0,0.0
2019-08-28,182.522,182.781,181.171,182.579,492400,0.0,0.0
2019-08-29,183.969,185.694,183.116,184.151,526600,0.0,0.0
2019-08-30,185.502,187.322,185.387,186.7,694000,0.0,0.0
2019-09-03,185.205,185.991,183.423,184.553,720900,0.0,0.0
2019-09-04,185.301,187.294,185.032,187.227,679000,0.0,0.0
2019-09-05,189.038,189.804,186.891,187.418,628600,0.0,0.0
2019-09-06,187.802,188.606,186.997,187.112,529900,0.0,0.0
2019-09-09,188.185,188.185,184.41,185.339,661300,0.0,0.0
2019-09-10,185.099,185.099,177.549,179.456,1718000,0.0,0.0
2019-09-11,180.04,183.174,179.6,180.5,918300,0.0,0.0
2019-09-12,181.181,182.742,180.462,181.822,827800,0.0,0.0
2019-09-13,182.378,183.969,180.519,182.896,720300,0.0,0.0
2019-09-16,181.803,183.317,180.778,183.126,544600,0.0,0.0
2019-09-17,183.586,186.393,182.062,186.383,628100,0.0,0.0
2019-09-18,185.694,186.431,183.71,185.991,549400,0.0,0.0
2019-09-19,185.828,187.466,185.329,186.096,556400,0.0,0.0
2019-09-20,186.508,186.843,183.806,184.927,1759100,0.0,0.0
2019-09-23,183.643,185.732,183.231,184.697,615700,0.0,0.0
2019-09-24,185.262,186.728,183.624,184.544,962500,0.0,0.0
2019-09-25,184.477,186.604,183.816,186.278,932500,0.0,0.0
2019-09-26,186.69,187.37,185.281,186.585,713600,0.0,0.0
2019-09-27,187.274,187.754,184.074,185.377,505800,0.0,0.0
2019-09-30,185.483,186.249,185.032,185.473,607500,0.0,0.0
2019-10-01,186.45,187.131,181.736,181.784,559200,0.0,0.0
2019-10-02,180.357,181.43,176.802,178.22,809100,0.0,0.0
2019-10-03,178.22,179.657,176.83,179.408,643200,0.0,0.0
2019-10-04,179.983,184.055,179.983,183.969,497200,0.0,0.0
2019-10-07,182.934,183.825,181.736,182.464,384500,0.0,0.0
2019-10-08,181.19,181.276,177.884,177.942,654300,0.0,0.0
2019-10-09,180.232,180.903,177.75,178.833,512800,0.0,0.0
2019-10-10,178.766,181.985,178.21,180.989,646500,0.0,0.0
2019-10-11,182.972,184.668,182.33,183.106,552500,0.0,0.0
2019-10-14,182.905,184.611,182.196,183.279,357600,0.0,0.0
2019-10-15,184.342,185.281,183.566,184.247,515600,0.0,0.0
2019-10-16,183.643,184.879,182.417,184.86,513000,0.0,0.0
2019-10-17,185.272,186.91,184.572,185.358,450400,0.0,0.0
2019-10-18,185.646,185.866,184.438,184.841,858700,0.0,0.0
2019-10-21,186.019,186.901,184.869,186.872,496100,0.0,0.0
2019-10-22,186.412,188.52,182.915,185.329,699300,0.0,0.0
2019-10-23,185.454,186.259,182.292,183.432,756200,0.0,0.0
2019-10-24,183.71,184.026,182.177,183.336,1288000,0.0,0.0
2019-10-25,185.837,185.837,180.203,180.759,1388000,0.0,0.0
2019-10-28,181.516,182.033,179.801,179.935,821700,0.0,0.0
2019-10-29,180.107,184.208,179.753,180.682,2497300,0.0,0.0
2019-10-30,181.305,186.68,179.734,186.508,803300,0.0,0.0
2019-10-31,185.356,188.073,184.069,185.5,804300,0.44,0.0
2019-11-01,186.786,188.659,186.095,188.083,804600,0.0,0.0
2019-11-04,189.207,189.418,186.71,186.93,782400,0.0,0.0
2019-11-05,187.065,187.996,184.376,185.471,1138200,0.0,0.0
2019-11-06,185.231,187.123,184.779,187.017,963400,0.0,0.0
2019-11-07,188.054,188.054,185.826,186.69,752800,0.0,0.0
2019-11-08,185.461,186.863,183.627,186.854,806500,0.0,0.0
2019-11-11,185.125,187.161,184.885,186.671,596700,0.0,0.0
2019-11-12,186.47,187.737,185.72,187.267,617800,0.0,0.0
2019-11-13,186.45,189.408,186.21,188.649,872300,0.0,0.0
2019-11-14,188.457,190.916,187.487,190.484,856100,0.0,0.0
2019-11-15,191.108,191.838,189.293,190.83,1613300,0.0,0.0
2019-11-18,189.178,190.993,188.861,190.052,1195300,0.0,0.0
2019-11-19,190.897,193.029,190.157,191.703,1193500,0.0,0.0
2019-11-20,191.463,193.778,191.108,193.538,811600,0.0,0.0
2019-11-21,193.009,193.192,190.685,190.916,868300,0.0,0.0
2019-11-22,191.118,191.771,189.984,191.665,588700,0.0,0.0
2019-11-25,192.068,193.989,191.771,192.529,700800,0.0,0.0
2019-11-26,192.702,195.91,192.299,195.17,1155100,0.0,0.0
2019-11-27,195.122,197.706,194.335,196.169,668700,0.0,0.0
2019-11-29,195.381,196.39,194.383,195.535,415900,0.0,0.0
2019-12-02,196.025,196.025,193.24,193.605,552900,0.0,0.0
2019-12-03,192.683,193.202,190.724,192.059,509500,0.0,0.0
2019-12-04,192.059,194.248,191.627,194.191,502700,0.0,0.0
2019-12-05,194.863,195.929,192.654,195.382,1175400,0.0,0.0
2019-12-06,196.87,198.579,196.006,197.821,753800,0.0,0.0
2019-12-09,197.523,198.071,196.044,197.36,600900,0.0,0.0
2019-12-10,197.12,197.744,195.9,197.062,436700,0.0,0.0
2019-12-11,197.216,198.013,196.121,197.033,473500,0.0,0.0
2019-12-12,196.659,197.898,196.15,197.715,772800,0.0,0.0
2019-12-13,196.553,198.368,194.796,197.974,1186500,0.0,0.0
2019-12-16,199.165,199.751,197.043,198.8,742000,0.0,0.0
2019-12-17,199.012,200.049,198.483,199.367,1372800,0.0,0.0
2019-12-18,199.722,199.905,197.139,197.859,1334700,0.0,0.0
2019-12-19,199.386,201.499,198.109,201.412,755000,0.0,0.0
2019-12-20,203.179,204.217,200.644,201.605,1547500,0.0,0.0
2019-12-23,202.459,202.459,199.031,199.559,725900,0.0,0.0
2019-12-24,199.54,199.722,198.032,199.463,275900,0.0,0.0
2019-12-26,199.799,200.068,198.714,199.703,628500,0.0,0.0
2019-12-27,200.03,200.097,197.273,199.281,1712300,0.0,0.0
2019-12-30,199.722,200.097,197.802,199.405,541100,0.0,0.0
2019-12-31,199.357,200.145,198.791,200.03,508900,0.0,0.0
2020-01-02,200.903,201.557,199.645,200.51,830100,0.0,0.0
2020-01-03,198.8,200.625,198.8,199.722,501700,0.0,0.0
2020-01-06,199.012,200.298,198.57,200.298,740600,0.0,0.0
2020-01-07,197.321,200.241,197.321,198.599,495500,0.0,0.0
2020-01-08,198.762,200.807,198.311,199.415,691700,0.0,0.0
2020-01-09,200.337,201.23,199.847,200.807,528900,0.0,0.0
2020-01-10,201.076,201.509,199.329,199.809,448400,0.0,0.0
2020-01-13,200.049,201.153,199.319,200.779,547100,0.0,0.0
2020-01-14,200.327,200.942,198.541,199.415,606500,0.0,0.0
2020-01-15,199.453,201.979,198.762,200.74,534500,0.0,0.0
2020-01-16,201.835,202.613,200.817,201.816,548800,0.0,0.0
2020-01-17,202.536,203.554,202.017,203.448,943300,0.0,0.0
2020-01-21,202.92,203.861,201.835,202.882,1045300,0.0,0.0
2020-01-22,203.151,204.39,203.016,203.506,634900,0.0,0.0
2020-01-23,202.363,204.831,201.835,204.649,891600,0.0,0.0
2020-01-24,205.235,206.32,203.391,204.956,639600,0.0,0.0
2020-01-27,202.296,204.764,202.296,203.544,493700,0.0,0.0
2020-01-28,203.833,209.086,203.833,207.972,982200,0.0,0.0
2020-01-29,208.394,209.777,207.693,207.991,839800,0.0,0.0
2020-01-30,206.55,211.131,206.051,210.92,1213300,0.0,0.0
2020-01-31,215.317,219.118,211.468,211.94,1383500,0.44,0.0
2020-02-03,213.835,217.232,213.075,216.539,1193200,0.0,0.0
2020-02-04,218.435,220.004,217.935,218.089,1504100,0.0,0.0
2020-02-05,220.802,220.985,218.021,219.686,1025800,0.0,0.0
2020-02-06,219.792,221.36,219.311,220.937,873100,0.0,0.0
2020-02-07,221.197,221.899,220.244,221.447,918900,0.0,0.0
2020-02-10,220.976,222.506,220.494,222.352,688400,0.0,0.0
2020-02-11,223.247,224.815,222.39,222.496,822000,0.0,0.0
2020-02-12,221.976,223.285,221.37,222.207,589000,0.0,0.0
2020-02-13,222.198,225.739,222.053,225.729,790300,0.0,0.0
2020-02-14,226.027,226.913,224.93,226.836,585500,0.0,0.0
2020-02-18,224.517,226.576,223.766,226.393,760200,0.0,0.0
2020-02-19,227.721,229.203,226.47,228.472,1422500,0.0,0.0
2020-02-20,227.885,228.424,223.545,225.489,791200,0.0,0.0
2020-02-21,225.431,225.893,221.986,222.775,890700,0.0,0.0
2020-02-24,218.368,221.466,214.653,214.875,1250300,0.0,0.0
2020-02-25,218.801,219.561,213.114,214.047,1562000,0.0,0.0
2020-02-26,215.202,217.762,213.807,214.095,1093700,0.0,0.0
2020-02-27,211.545,213.354,204.049,204.213,1572200,0.0,0.0
2020-02-28,199.228,200.806,194.706,200.152,2363700,0.0,0.0
2020-03-02,200.903,212.883,200.729,212.719,2083000,0.0,0.0
2020-03-03,212.613,214.711,203.578,206.695,1252000,0.0,0.0
2020-03-04,210.4,217.05,208.533,216.973,1204800,0.0,0.0
2020-03-05,212.209,213.297,205.704,208.601,1283600,0.0,0.0
2020-03-06,201.576,207.86,198.68,206.705,1492700,0.0,0.0
2020-03-09,190.905,190.962,166.886,172.179,6143500,0.0,0.0
2020-03-10,177.827,182.514,168.638,176.192,4736400,0.0,0.0
2020-03-11,174.633,182.783,170.957,178.001,4879100,0.0,0.0
2020-03-12,168.811,174.527,163.134,166.944,4328600,0.0,0.0
2020-03-13,174.411,176.182,161.709,170.755,4007000,0.0,0.0
2020-03-16,154.617,169.61,148.68,164.096,3392700,0.0,0.0
2020-03-17,168.426,170.716,154.762,158.264,3626100,0.0,0.0
2020-03-18,150.509,152.943,139.577,150.037,2391100,0.0,0.0
2020-03-19,148.526,149.96,142.416,145.38,2627000,0.0,0.0
2020-03-20,146.842,149.537,140.251,143.907,3037800,0.0,0.0
2020-03-23,141.175,150.451,138.499,139.991,3027700,0.0,0.0
2020-03-24,144.985,161.228,144.581,159.775,2441600,0.0,0.0
2020-03-25,160.016,161.652,154.55,156.994,2845800,0.0,0.0
2020-03-26,157.697,161.122,155.407,159.448,2574300,0.0,0.0
2020-03-27,154.723,165.058,152.26,159.179,2180000,0.0,0.0
2020-03-30,161.257,166.482,155.994,164.577,1996800,0.0,0.0
2020-03-31,161.421,163.586,157.822,158.813,1704000,0.0,0.0
2020-04-01,161.19,161.19,146.352,147.882,1330300,0.0,0.0
2020-04-02,146.602,153.549,146.265,151.326,1524400,0.0,0.0
2020-04-03,149.219,152.327,145.341,148.324,1671100,0.0,0.0
2020-04-06,154.521,167.955,152.818,166.617,1537900,0.0,0.0
2020-04-07,171.448,172.92,166.838,169.282,2128700,0.0,0.0
2020-04-08,170.591,183.707,169.128,180.868,2284200,0.0,0.0
2020-04-09,183.38,186.295,179.636,184.804,1786500,0.0,0.0
2020-04-13,181.551,182.822,177.558,179.348,919000,0.0,0.0
2020-04-14,181.975,186.988,180.762,186.709,1234900,0.0,0.0
2020-04-15,183.274,185.179,175.855,177.0,1261800,0.0,0.0
2020-04-16,176.923,179.925,175.104,179.213,1239300,0.0,0.0
2020-04-17,184.534,186.661,181.503,183.611,1407300,0.0,0.0
2020-04-20,181.205,181.205,176.153,178.684,1128700,0.0,0.0
2020-04-21,172.15,175.787,171.217,171.457,1015800,0.0,0.0
2020-04-22,174.767,175.556,170.148,174.739,813800,0.0,0.0
2020-04-23,174.469,174.556,167.435,168.176,1617000,0.0,0.0
2020-04-24,169.735,171.226,166.646,168.917,1271700,0.0,0.0
2020-04-27,169.273,170.36,165.087,166.405,1463400,0.0,0.0
2020-04-28,169.032,169.34,165.414,165.828,1522700,0.0,0.0
2020-04-29,167.954,168.638,163.682,164.173,1857000,0.0,0.0
2020-04-30,162.301,167.733,161.549,166.585,2624900,0.44,0.0
2020-05-01,165.466,173.512,163.324,171.929,2029400,0.0,0.0
2020-05-04,171.958,172.518,169.884,171.418,1570900,0.0,0.0
2020-05-05,170.83,177.535,170.83,176.483,1144700,0.0,0.0
2020-05-06,177.786,178.2,170.164,170.994,1133600,0.0,0.0
2020-05-07,172.605,179.783,172.605,178.316,1135100,0.0,0.0
2020-05-08,179.609,183.082,178.663,183.072,854300,0.0,0.0
2020-05-11,182.098,187.231,181.847,185.243,1470300,0.0,0.0
2020-05-12,184.819,188.079,184.819,186.41,1451400,0.0,0.0
2020-05-13,188.128,188.128,182.658,183.526,3089500,0.0,0.0
2020-05-14,180.921,187.423,179.667,187.095,1170600,0.0,0.0
2020-05-15,185.446,186.613,183.728,184.915,2127500,0.0,0.0
2020-05-18,188.842,193.251,188.446,189.903,1509500,0.0,0.0
2020-05-19,188.6,190.993,188.475,188.649,1031400,0.0,0.0
2020-05-20,190.414,192.324,188.041,188.388,1029600,0.0,0.0
2020-05-21,187.79,188.658,185.33,186.517,1183100,0.0,0.0
2020-05-22,186.497,186.594,183.97,185.204,940800,0.0,0.0
2020-05-26,188.543,190.405,187.887,188.186,1262700,0.0,0.0
2020-05-27,191.389,193.096,189.064,190.868,1565600,0.0,0.0
2020-05-28,192.363,194.428,189.092,191.688,1073600,0.0,0.0
2020-05-29,191.061,192.045,188.321,190.009,3211400,0.0,0.0
2020-06-01,189.363,190.617,187.809,189.228,1182900,0.0,0.0
2020-06-02,189.72,190.588,187.211,187.964,1181300,0.0,0.0
2020-06-03,189.256,194.37,188.446,191.958,1225600,0.0,0.0
2020-06-04,190.887,191.533,188.996,191.012,623600,0.0,0.0
2020-06-05,197.196,197.196,192.431,193.144,1592000,0.0,0.0
2020-06-08,192.99,193.376,189.71,191.032,1525000,0.0,0.0
2020-06-09,189.777,190.491,186.864,187.443,1328200,0.0,0.0
2020-06-10,186.555,188.118,184.462,186.372,1667800,0.0,0.0
2020-06-11,183.574,183.574,173.56,174.283,1768000,0.0,0.0
2020-06-12,178.393,178.847,171.582,175.538,1378400,0.0,0.0
2020-06-15,172.229,178.818,170.965,177.612,1631500,0.0,0.0
2020-06-16,181.847,182.175,177.776,179.561,1161900,0.0,0.0
2020-06-17,180.149,186.603,179.85,185.166,1545800,0.0,0.0
2020-06-18,183.999,187.993,183.429,184.259,1172800,0.0,0.0
2020-06-19,187.066,187.182,179.648,180.207,2787200,0.0,0.0
2020-06-22,179.252,183.555,178.499,182.127,1332700,0.0,0.0
2020-06-23,184.307,184.635,181.847,182.349,1815800,0.0,0.0
2020-06-24,181.259,182.059,179.223,180.921,2358200,0.0,0.0
2020-06-25,181.056,188.031,180.651,187.539,1883500,0.0,0.0
2020-06-26,186.719,189.488,182.561,183.323,2459500,0.0,0.0
2020-06-29,184.684,185.127,180.641,181.587,1154400,0.0,0.0
2020-06-30,181.075,186.439,179.59,185.812,1758500,0.0,0.0
2020-07-01,185.909,186.989,183.42,184.404,1065700,0.0,0.0
2020-07-02,186.97,186.97,184.047,184.703,1241400,0.0,0.0
2020-07-06,187.809,187.944,185.436,185.909,1242500,0.0,0.0
2020-07-07,185.426,186.854,185.041,185.677,1566900,0.0,0.0
2020-07-08,186.266,188.658,185.861,188.649,1844800,0.0,0.0
2020-07-09,188.6,188.793,185.87,187.607,1381700,0.0,0.0
2020-07-10,188.079,190.781,186.96,190.598,959200,0.0,0.0
2020-07-13,191.022,192.556,189.17,190.115,1168400,0.0,0.0
2020-07-14,190.578,193.897,190.569,192.035,1190400,0.0,0.0
2020-07-15,194.485,194.669,192.209,193.907,1175900,0.0,0.0
2020-07-16,193.926,195.614,192.942,195.527,1423800,0.0,0.0
2020-07-17,196.984,196.984,194.582,196.483,1229700,0.0,0.0
2020-07-20,195.691,197.052,195.142,196.714,1136800,0.0,0.0
2020-07-21,197.775,199.001,196.772,198.952,954000,0.0,0.0
2020-07-22,198.238,200.621,197.746,200.535,1274300,0.0,0.0
2020-07-23,200.38,201.384,199.029,200.062,1342600,0.0,0.0
2020-07-24,199.743,201.306,199.136,199.869,1022900,0.0,0.0
2020-07-27,200.255,200.448,197.93,199.724,1315200,0.0,0.0
2020-07-28,199.705,200.785,197.418,198.489,1395300,0.0,0.0
2020-07-29,197.746,199.261,196.483,198.547,1462800,0.0,0.0
2020-07-30,196.463,200.12,195.47,200.12,1442900,0.0,0.0
2020-07-31,198.389,199.946,193.874,198.408,2318300,0.44,0.0
2020-08-03,198.573,199.598,192.878,193.584,1743700,0.0,0.0
2020-08-04,193.381,195.034,191.07,193.014,1385700,0.0,0.0
2020-08-05,190.181,192.985,190.181,191.94,1531800,0.0,0.0
2020-08-06,191.051,191.563,187.783,189.117,1386400,0.0,0.0
2020-08-07,188.692,189.224,187.106,188.953,1134500,0.0,0.0
2020-08-10,188.924,189.813,186.323,186.439,1012500,0.0,0.0
2020-08-11,188.257,188.257,185.676,187.126,1671300,0.0,0.0
2020-08-12,188.479,188.76,185.279,185.753,1690300,0.0,0.0
2020-08-13,184.786,188.325,183.694,188.209,4634100,0.0,0.0
2020-08-14,188.257,191.07,188.064,190.655,1242900,0.0,0.0
2020-08-17,190.655,193.004,190.142,190.191,1504300,0.0,0.0
2020-08-18,189.823,191.099,188.151,189.9,1172300,0.0,0.0
2020-08-19,188.605,192.53,188.392,191.012,1290600,0.0,0.0
2020-08-20,190.326,191.505,189.775,190.471,1371300,0.0,0.0
2020-08-21,190.519,190.519,186.768,187.213,1179500,0.0,0.0
2020-08-24,187.019,187.696,181.982,183.858,2116900,0.0,0.0
2020-08-25,185.269,187.377,183.317,185.985,2126800,0.0,0.0
2020-08-26,185.608,190.722,183.916,188.953,1504900,0.0,0.0
2020-08-27,189.852,193.806,188.914,192.956,948700,0.0,0.0
2020-08-28,194.328,194.551,192.018,193.468,1280400,0.0,0.0
2020-08-31,193.072,195.518,193.072,193.352,1465100,0.0,0.0
2020-09-01,192.704,196.233,191.873,195.924,1441700,0.0,0.0
2020-09-02,195.914,203.329,195.779,202.769,1805500,0.0,0.0
2020-09-03,203.494,205.06,196.078,197.084,2031800,0.0,0.0
2020-09-04,199.23,199.646,193.478,196.011,1093400,0.0,0.0
2020-09-08,195.17,195.363,191.273,191.428,1679700,0.0,0.0
2020-09-09,193.497,198.776,192.733,196.871,1155200,0.0,0.0
2020-09-10,197.577,199.549,195.063,195.344,1594500,0.0,0.0
2020-09-11,195.547,196.33,192.878,194.851,1189200,0.0,0.0
2020-09-14,196.581,197.635,194.986,195.257,1053600,0.0,0.0
2020-09-15,195.566,197.152,194.986,195.295,1013400,0.0,0.0
2020-09-16,196.581,197.77,195.556,195.808,1135400,0.0,0.0
2020-09-17,193.362,196.397,192.434,194.976,1202400,0.0,0.0
2020-09-18,194.59,197.258,194.193,194.328,1459700,0.0,0.0
2020-09-21,191.602,193.323,189.978,192.588,1724800,0.0,0.0
2020-09-22,191.505,194.619,189.436,193.333,1936600,0.0,0.0
2020-09-23,194.116,198.418,193.449,193.758,2258600,0.0,0.0
2020-09-24,193.768,194.406,188.74,189.185,1975200,0.0,0.0
2020-09-25,187.89,191.302,185.811,189.842,1217800,0.0,0.0
2020-09-28,192.163,198.099,191.931,196.678,1568800,0.0,0.0
2020-09-29,196.011,198.611,195.489,198.283,1340300,0.0,0.0
2020-09-30,199.124,201.328,196.9,199.453,1583900,0.0,0.0
2020-10-01,199.859,200.816,197.49,199.337,1391900,0.0,0.0
2020-10-02,198.06,201.019,197.596,198.698,877400,0.0,0.0
2020-10-05,200.187,200.999,197.944,199.656,907700,0.0,0.0
2020-10-06,200.97,202.43,197.973,198.824,986700,0.0,0.0
2020-10-07,199.81,202.179,199.54,201.454,1084600,0.0,0.0
2020-10-08,203.03,205.882,201.038,201.164,894000,0.0,0.0
2020-10-09,202.44,203.523,201.405,202.247,987400,0.0,0.0
2020-10-12,202.846,207.748,201.87,207.4,1848000,0.0,0.0
2020-10-13,206.539,209.304,203.146,203.89,1279300,0.0,0.0
2020-10-14,204.441,207.303,202.121,203.117,1176300,0.0,0.0
2020-10-15,201.609,206.288,201.173,205.717,1058500,0.0,0.0
2020-10-16,206.278,208.115,205.63,205.814,1706100,0.0,0.0
2020-10-19,205.447,207.477,201.705,202.247,856600,0.0,0.0
2020-10-20,203.668,204.519,199.308,199.511,1383500,0.0,0.0
2020-10-21,199.588,202.875,199.269,199.588,863600,0.0,0.0
2020-10-22,199.656,200.845,198.418,200.584,767400,0.0,0.0
2020-10-23,200.719,201.541,198.07,200.429,778900,0.0,0.0
2020-10-26,198.698,199.559,193.555,195.46,1389700,0.0,0.0
2020-10-27,196.059,196.455,192.666,192.859,1067300,0.0,0.0
2020-10-28,189.929,190.413,186.043,188.238,1650300,0.0,0.0
2020-10-29,188.267,188.267,180.213,180.6,1867000,0.0,0.0
2020-10-30,181.385,182.8,174.998,178.342,3079700,0.46,0.0
2020-11-02,180.328,180.328,174.756,175.075,2451100,0.0,0.0
2020-11-03,177.198,178.642,174.281,174.416,2302600,0.0,0.0
2020-11-04,173.99,180.891,173.99,177.828,3127800,0.0,0.0
2020-11-05,180.416,182.238,178.526,179.669,1600400,0.0,0.0
2020-11-06,180.716,185.737,178.981,184.486,1486800,0.0,0.0
2020-11-09,188.993,198.007,185.262,186.967,2548300,0.0,0.0
2020-11-10,188.159,195.031,186.58,193.917,2425400,0.0,0.0
2020-11-11,195.264,196.446,192.802,195.215,1835800,0.0,0.0
2020-11-12,193.713,195.525,192.686,193.8,1663900,0.0,0.0
2020-11-13,194.547,198.481,193.868,198.142,1519900,0.0,0.0
2020-11-16,200.488,201.893,198.152,201.622,1913900,0.0,0.0
2020-11-17,200.129,202.959,196.436,200.808,1680400,0.0,0.0
2020-11-18,199.848,201.932,197.096,197.096,1389800,0.0,0.0
2020-11-19,196.572,198.491,195.021,196.669,1338000,0.0,0.0
2020-11-20,196.65,197.222,191.765,192.55,1796600,0.0,0.0
2020-11-23,193.713,197.115,192.705,196.921,1447700,0.0,0.0
2020-11-24,199.276,203.638,198.317,201.525,1650800,0.0,0.0
2020-11-25,201.108,202.465,197.328,201.66,1030800,0.0,0.0
2020-11-27,201.273,203.124,199.732,200.216,632400,0.0,0.0
2020-11-30,199.102,200.914,198.142,198.578,2077800,0.0,0.0
2020-12-01,201.089,204.442,201.05,204.2,1690300,0.0,0.0
2020-12-02,203.977,206.632,202.193,202.639,1326800,0.0,0.0
2020-12-03,202.077,204.403,201.224,203.705,1288500,0.0,0.0
2020-12-04,203.831,206.167,203.056,205.082,1094400,0.0,0.0
2020-12-07,205.179,207.408,200.459,200.817,1450400,0.0,0.0
2020-12-08,200.265,204.122,198.491,203.134,1497100,0.0,0.0
2020-12-09,203.434,205.421,198.782,200.672,1578400,0.0,0.0
2020-12-10,199.441,200.807,198.627,199.887,1685000,0.0,0.0
2020-12-11,197.91,201.302,197.396,197.822,1453300,0.0,0.0
2020-12-14,199.955,201.66,197.59,197.677,2202200,0.0,0.0
2020-12-15,198.326,202.717,197.134,201.622,1794400,0.0,0.0
2020-12-16,202.678,205.683,201.263,202.765,1330300,0.0,0.0
2020-12-17,203.308,207.039,203.037,204.791,2148500,0.0,0.0
2020-12-18,204.849,205.305,198.229,199.16,3485200,0.0,0.0
2020-12-21,199.354,202.998,195.157,202.707,2415500,0.0,0.0
2020-12-22,201.99,204.355,199.79,202.785,2203600,0.0,0.0
2020-12-23,203.89,205.14,200.759,201.496,1051300,0.0,0.0
2020-12-24,203.095,204.49,201.593,204.122,430000,0.0,0.0
2020-12-28,204.975,205.857,200.352,200.459,1279000,0.0,0.0
2020-12-29,201.738,202.513,199.8,200.536,655700,0.0,0.0
2020-12-30,201.341,202.707,200.178,200.342,734600,0.0,0.0
2020-12-31,201.011,205.033,199.829,204.762,1024600,0.0,0.0
2021-01-04,204.539,205.469,197.299,198.249,1702200,0.0,0.0
2021-01-05,198.927,200.11,195.845,198.007,1546700,0.0,0.0
2021-01-06,198.947,201.593,196.756,200.41,1732100,0.0,0.0
2021-01-07,201.234,202.164,199.044,200.197,1356300,0.0,0.0
2021-01-08,199.654,201.757,197.299,198.898,1294500,0.0,0.0
2021-01-11,198.336,199.46,195.477,195.903,1187000,0.0,0.0
2021-01-12,195.419,198.394,194.469,196.243,1835500,0.0,0.0
2021-01-13,196.097,201.166,195.351,200.526,2229700,0.0,0.0
2021-01-14,200.371,201.496,197.27,200.255,1404700,0.0,0.0
2021-01-15,199.964,202.533,199.48,201.525,1783200,0.0,0.0
2021-01-19,202.494,203.667,201.312,202.717,1668900,0.0,0.0
2021-01-20,202.63,206.245,202.0,205.411,1318600,0.0,0.0
2021-01-21,205.101,207.534,202.911,203.017,1677600,0.0,0.0
2021-01-22,202.61,202.93,199.955,200.1,1225400,0.0,0.0
2021-01-25,199.46,203.366,199.363,202.232,1191100,0.0,0.0
2021-01-26,202.523,204.927,200.778,203.492,1393100,0.0,0.0
2021-01-27,201.253,205.101,198.637,200.43,2015700,0.0,0.0
2021-01-28,202.116,203.938,200.187,200.197,1409400,0.0,0.0
2021-01-29,199.721,200.76,196.525,197.283,1619400,0.46,0.0
2021-02-01,198.371,203.14,197.438,200.76,2252200,0.0,0.0
2021-02-02,202.557,205.51,202.091,204.16,1866000,0.0,0.0
2021-02-03,203.5,204.315,198.915,199.391,1523600,0.0,0.0
2021-02-04,200.061,202.538,198.41,202.14,1529500,0.0,0.0
2021-02-05,204.617,217.001,203.568,216.827,2129400,0.0,0.0
2021-02-08,217.458,219.255,214.787,219.177,1442300,0.0,0.0
2021-02-09,218.828,222.626,218.624,221.907,2056600,0.0,0.0
2021-02-10,222.412,224.015,219.313,220.061,1901000,0.0,0.0
2021-02-11,222.344,225.501,221.178,222.742,1357100,0.0,0.0
2021-02-12,222.295,224.578,219.75,221.509,1451200,0.0,0.0
2021-02-16,218.449,223.733,218.186,220.595,2622400,0.0,0.0
2021-02-17,219.566,222.694,219.168,222.635,1315500,0.0,0.0
2021-02-18,221.479,223.237,218.866,220.751,2918200,0.0,0.0
2021-02-19,221.994,223.092,221.198,221.8,1342900,0.0,0.0
2021-02-22,221.547,223.374,220.139,222.169,2430200,0.0,0.0
2021-02-23,223.208,224.801,220.411,224.656,2044800,0.0,0.0
2021-02-24,224.335,229.124,223.383,227.006,1563700,0.0,0.0
2021-02-25,226.744,228.415,223.636,224.345,1518100,0.0,0.0
2021-02-26,225.481,225.481,220.372,221.188,1845900,0.0,0.0
2021-03-01,222.363,227.745,222.247,225.851,1644300,0.0,0.0
2021-03-02,226.278,227.968,224.005,225.87,1426300,0.0,0.0
2021-03-03,224.364,228.269,221.266,221.479,1647100,0.0,0.0
2021-03-04,221.586,224.335,218.517,219.566,1607100,0.0,0.0
2021-03-05,221.635,226.336,219.206,226.093,1322200,0.0,0.0
2021-03-08,226.861,228.269,223.315,223.412,1508800,0.0,0.0
2021-03-09,223.714,226.89,223.344,224.869,1478100,0.0,0.0
2021-03-10,224.695,225.559,222.548,223.17,1186900,0.0,0.0
2021-03-11,222.966,224.024,221.295,221.47,1480500,0.0,0.0
2021-03-12,222.441,223.403,220.78,221.47,1701400,0.0,0.0
2021-03-15,220.984,221.703,218.507,219.041,1789800,0.0,0.0
2021-03-16,219.148,221.567,218.439,220.255,2375600,0.0,0.0
2021-03-17,220.994,221.178,218.866,219.323,1922400,0.0,0.0
2021-03-18,219.527,220.032,217.506,218.109,1621400,0.0,0.0
2021-03-19,217.584,218.526,215.515,216.516,2655200,0.0,0.0
2021-03-22,215.816,218.206,215.467,217.001,2656300,0.0,0.0
2021-03-23,217.701,219.653,216.545,217.565,1982000,0.0,0.0
2021-03-24,217.332,220.77,216.943,218.76,2359100,0.0,0.0
2021-03-25,219.245,219.624,216.457,218.585,2002300,0.0,0.0
2021-03-26,219.507,221.946,217.011,221.771,2355300,0.0,0.0
2021-03-29,221.295,227.337,219.546,226.938,1599400,0.0,0.0
2021-03-30,225.957,227.783,224.578,225.443,1103000,0.0,0.0
2021-03-31,225.569,226.161,223.053,223.519,1633200,0.0,0.0
2021-04-01,223.578,226.375,222.363,225.161,1480200,0.0,0.0
2021-04-05,225.996,227.366,225.336,227.278,1164500,0.0,0.0
2021-04-06,227.521,227.783,226.239,227.511,1035000,0.0,0.0
2021-04-07,227.113,229.891,226.822,229.503,1020300,0.0,0.0
2021-04-08,230.523,231.669,228.075,228.269,1394700,0.0,0.0
2021-04-09,229.289,231.737,227.978,230.212,1226700,0.0,0.0
2021-04-12,230.212,232.184,229.182,231.989,1497600,0.0,0.0
2021-04-13,231.484,232.98,229.483,232.388,1389100,0.0,0.0
2021-04-14,232.368,233.116,227.016,228.143,1826000,0.0,0.0
2021-04-15,228.405,230.911,227.881,229.726,1232700,0.0,0.0
2021-04-16,231.319,233.145,229.046,232.271,1944100,0.0,0.0
2021-04-19,232.291,232.349,228.833,229.075,1259400,0.0,0.0
2021-04-20,229.105,230.299,227.813,228.094,1377900,0.0,0.0
2021-04-21,228.055,230.26,226.657,226.812,1265900,0.0,0.0
2021-04-22,225.685,226.628,223.315,224.529,1866700,0.0,0.0
2021-04-23,224.899,225.579,223.801,224.277,1018600,0.0,0.0
2021-04-26,224.908,225.773,222.839,222.946,1666800,0.0,0.0
2021-04-27,224.102,228.347,223.412,227.094,1518300,0.0,0.0
2021-04-28,227.181,232.232,226.113,231.552,2881000,0.0,0.0
2021-04-29,232.057,233.155,229.037,232.417,1925100,0.0,0.0
2021-04-30,233.702,248.07,233.673,244.76,4096900,0.51,0.0
2021-05-03,244.789,247.116,242.57,245.753,1613800,0.0,0.0
2021-05-04,245.626,247.515,244.76,247.184,1443300,0.0,0.0
2021-05-05,247.096,248.858,245.987,247.602,1622400,0.0,0.0
2021-05-06,249.364,250.717,247.826,249.812,1421400,0.0,0.0
2021-05-07,248.868,252.742,248.41,251.652,1642100,0.0,0.0
2021-05-10,251.691,254.037,250.581,251.584,1587800,0.0,0.0
2021-05-11,251.048,251.048,246.347,247.369,1667100,0.0,0.0
2021-05-12,246.425,248.459,242.823,243.086,2094000,0.0,0.0
2021-05-13,242.949,246.911,242.414,245.305,1413100,0.0,0.0
2021-05-14,246.756,248.702,245.266,247.486,978500,0.0,0.0
2021-05-17,247.048,248.79,246.551,248.42,1404300,0.0,0.0
2021-05-18,250.591,250.591,247.262,247.456,1691500,0.0,0.0
2021-05-19,246.571,246.756,241.995,245.529,1724300,0.0,0.0
2021-05-20,245.685,249.306,245.548,247.885,1861900,0.0,0.0
2021-05-21,247.632,248.712,245.665,246.483,1895100,0.0,0.0
2021-05-24,247.223,248.576,246.395,246.454,737300,0.0,0.0
2021-05-25,246.824,247.447,244.818,245.607,1074500,0.0,0.0
2021-05-26,245.364,245.753,243.689,244.419,1050800,0.0,0.0
2021-05-27,244.818,248.264,243.641,247.135,2060000,0.0,0.0
2021-05-28,247.768,248.274,246.064,246.639,1764100,0.0,0.0
2021-06-01,248.303,249.053,245.393,246.512,2095100,0.0,0.0
2021-06-02,247.223,248.673,245.665,246.23,1780100,0.0,0.0
2021-06-03,246.006,247.437,243.417,244.828,1535000,0.0,0.0
2021-06-04,244.741,245.305,241.577,244.351,1314700,0.0,0.0
2021-06-07,244.458,244.702,240.36,240.944,1111800,0.0,0.0
2021-06-08,239.465,239.591,236.554,238.296,1734200,0.0,0.0
2021-06-09,238.491,239.834,237.07,239.221,1256600,0.0,0.0
2021-06-10,240.019,244.497,239.542,242.813,1462000,0.0,0.0
2021-06-11,243.134,245.266,242.112,243.465,1184900,0.0,0.0
2021-06-14,243.796,243.874,241.246,243.417,1211800,0.0,0.0
2021-06-15,242.92,246.103,242.638,245.13,1359300,0.0,0.0
2021-06-16,245.237,245.539,236.077,237.615,4874500,0.0,0.0
2021-06-17,236.719,237.761,226.43,226.654,7322900,0.0,0.0
2021-06-18,225.496,227.783,223.121,223.987,3736000,0.0,0.0
2021-06-21,225.389,228.251,224.337,227.783,2467400,0.0,0.0
2021-06-22,226.771,229.428,226.051,227.355,1623700,0.0,0.0
2021-06-23,227.559,230.061,226.927,229.282,1316300,0.0,0.0
2021-06-24,229.243,232.592,229.039,232.144,1942900,0.0,0.0
2021-06-25,232.758,238.092,232.144,237.235,3825100,0.0,0.0
2021-06-28,237.625,237.79,233.575,234.529,1074600,0.0,0.0
2021-06-29,235.298,237.109,234.724,236.447,1023800,0.0,0.0
2021-06-30,236.028,236.379,231.551,232.417,1564400,0.0,0.0
2021-07-01,233.838,233.838,231.687,232.339,1235800,0.0,0.0
2021-07-02,232.68,234.977,232.368,233.225,926700,0.0,0.0
2021-07-06,232.728,233.186,230.178,231.404,1390300,0.0,0.0
2021-07-07,230.723,233.342,230.723,232.699,956200,0.0,0.0
2021-07-08,230.723,231.891,228.114,228.961,1066200,0.0,0.0
2021-07-09,230.918,231.677,228.786,230.032,1371300,0.0,0.0
2021-07-12,229.477,230.295,225.398,226.605,1317600,0.0,0.0
2021-07-13,226.752,227.267,224.892,225.486,1361000,0.0,0.0
2021-07-14,225.798,226.489,222.118,224.308,1332900,0.0,0.0
2021-07-15,222.945,226.547,222.945,225.116,1551300,0.0,0.0
2021-07-16,225.622,226.644,224.065,225.574,2054300,0.0,0.0
2021-07-19,224.649,224.649,217.26,220.765,1512500,0.0,0.0
2021-07-20,220.921,224.201,220.755,222.712,1206400,0.0,0.0
2021-07-21,223.5,230.09,223.5,223.948,2669800,0.0,0.0
2021-07-22,223.987,227.404,223.987,226.333,1724100,0.0,0.0
2021-07-23,227.18,227.871,226.119,226.304,897200,0.0,0.0
2021-07-26,239.533,250.396,238.978,244.877,12773700,0.0,0.0
2021-07-27,244.195,253.258,243.582,252.684,7212900,0.0,0.0
2021-07-28,254.066,258.154,251.009,255.322,6286300,0.0,0.0
2021-07-29,256.986,258.057,255.215,256.762,4679500,0.0,0.0
2021-07-30,255.914,258.45,251.125,253.612,3738000,0.51,0.0
2021-08-02,255.456,256.089,252.92,253.524,1608900,0.0,0.0
2021-08-03,254.314,260.742,253.632,257.543,3144200,0.0,0.0
2021-08-04,256.402,258.138,252.851,253.007,2895500,0.0,0.0
2021-08-05,254.11,255.924,252.861,255.924,2883900,0.0,0.0
2021-08-06,257.045,257.192,254.178,255.065,2009000,0.0,0.0
2021-08-09,254.763,257.748,254.09,257.328,1447500,0.0,0.0
2021-08-10,258.46,261.863,257.982,260.761,1527300,0.0,0.0
2021-08-11,261.493,266.633,261.493,266.428,1537400,0.0,0.0
2021-08-12,266.047,268.622,264.994,268.213,1712400,0.0,0.0
2021-08-13,269.159,271.002,268.515,270.397,1618100,0.0,0.0
2021-08-16,270.134,272.855,269.51,272.767,1538000,0.0,0.0
2021-08-17,272.036,274.133,271.538,273.869,1758200,0.0,0.0
2021-08-18,273.528,273.938,269.783,269.841,1406200,0.0,0.0
2021-08-19,268.057,270.924,267.979,269.256,1392000,0.0,0.0
2021-08-20,269.715,274.172,268.856,272.475,2187500,0.0,0.0
2021-08-23,273.714,275.323,271.49,271.636,1670300,0.0,0.0
2021-08-24,271.324,274.747,270.983,272.592,1159700,0.0,0.0
2021-08-25,272.221,275.606,271.314,274.035,1540300,0.0,0.0
2021-08-26,275.176,276.035,272.865,274.162,1361900,0.0,0.0
2021-08-27,274.777,278.736,274.367,278.093,1391600,0.0,0.0
2021-08-30,278.532,281.038,277.976,278.297,1306400,0.0,0.0
2021-08-31,277.946,281.301,276.396,279.78,1554100,0.0,0.0
2021-09-01,278.853,282.082,276.669,281.272,1164900,0.0,0.0
2021-09-02,282.774,283.408,280.56,283.398,1949800,0.0,0.0
2021-09-03,282.969,284.949,282.355,284.237,990400,0.0,0.0
2021-09-07,283.203,283.691,279.868,280.872,970400,0.0,0.0
2021-09-08,280.755,281.809,279.468,281.028,1276000,0.0,0.0
2021-09-09,281.916,287.192,281.916,285.164,1495000,0.0,0.0
2021-09-10,285.466,286.802,283.418,285.086,988100,0.0,0.0
2021-09-13,287.719,287.943,283.623,285.33,1076900,0.0,0.0
2021-09-14,286.09,286.266,282.862,284.491,1358800,0.0,0.0
2021-09-15,285.193,287.797,282.55,286.412,1722800,0.0,0.0
2021-09-16,285.973,287.017,283.545,284.92,815400,0.0,0.0
2021-09-17,282.443,285.651,281.74,282.091,1683300,0.0,0.0
2021-09-20,278.376,281.379,277.108,280.902,1446300,0.0,0.0
2021-09-21,282.091,284.813,281.692,283.75,1044800,0.0,0.0
2021-09-22,285.681,292.518,284.813,291.698,1325700,0.0,0.0
2021-09-23,292.596,294.868,289.972,290.928,1405300,0.0,0.0
2021-09-24,290.626,293.269,289.436,291.786,891900,0.0,0.0
2021-09-27,292.508,292.596,283.837,286.744,1328700,0.0,0.0
2021-09-28,285.593,287.563,280.716,282.111,1166700,0.0,0.0
2021-09-29,283.116,285.798,282.189,284.062,752200,0.0,0.0
2021-09-30,284.959,285.671,278.58,278.717,1519800,0.0,0.0
2021-10-01,280.472,285.661,278.756,283.896,1415300,0.0,0.0
2021-10-04,281.087,284.12,276.561,278.239,1376300,0.0,0.0
2021-10-05,280.57,285.895,280.287,284.988,1048100,0.0,0.0
2021-10-06,281.945,284.598,279.565,283.652,1259000,0.0,0.0
2021-10-07,285.759,288.314,284.686,286.042,969300,0.0,0.0
2021-10-08,285.905,288.626,284.676,287.231,1005700,0.0,0.0
2021-10-11,286.929,289.767,286.695,287.875,1091300,0.0,0.0
2021-10-12,289.192,293.405,287.202,291.347,788300,0.0,0.0
2021-10-13,291.601,293.366,289.182,293.249,774000,0.0,0.0
2021-10-14,295.795,300.993,295.59,300.74,930300,0.0,0.0
2021-10-15,302.281,304.085,301.149,301.666,1248900,0.0,0.0
2021-10-18,300.876,302.807,296.653,298.34,1523800,0.0,0.0
2021-10-19,299.754,301.881,298.057,301.881,869300,0.0,0.0
2021-10-20,301.559,306.192,300.525,306.143,941300,0.0,0.0
2021-10-21,306.552,312.082,304.582,311.527,1320500,0.0,0.0
2021-10-22,312.248,313.955,309.196,312.902,947600,0.0,0.0
2021-10-25,313.038,314.492,310.932,312.209,989500,0.0,0.0
2021-10-26,313.116,314.023,310.698,312.336,975000,0.0,0.0
2021-10-27,312.356,314.355,308.825,309.049,1035800,0.0,0.0
2021-10-28,309.254,313.819,309.254,313.155,1905800,0.0,0.0
2021-10-29,309.951,318.704,301.853,312.52,1616700,0.51,0.0
2021-11-01,309.6,311.465,298.981,299.733,1335900,0.0,0.0
2021-11-02,300.72,301.746,295.064,297.633,1608000,0.0,0.0
2021-11-03,298.707,298.707,287.776,288.069,1882000,0.0,0.0
2021-11-04,285.989,290.629,282.726,283.292,2150200,0.0,0.0
2021-11-05,286.116,286.252,279.375,281.856,1467200,0.0,0.0
2021-11-08,283.058,291.107,282.101,289.75,1124100,0.0,0.0
2021-11-09,288.538,294.155,288.284,290.648,1369300,0.0,0.0
2021-11-10,290.072,294.448,289.036,290.834,1372300,0.0,0.0
2021-11-11,291.01,293.266,287.786,292.338,1164000,0.0,0.0
2021-11-12,292.807,294.038,291.459,293.393,1133400,0.0,0.0
2021-11-15,292.924,296.636,291.664,293.491,1108700,0.0,0.0
2021-11-16,294.058,300.808,293.95,295.875,1354600,0.0,0.0
2021-11-17,296.119,297.311,292.836,292.876,1311500,0.0,0.0
2021-11-18,293.344,293.804,287.307,288.011,1280700,0.0,0.0
2021-11-19,287.356,292.895,285.197,289.925,1313100,0.0,0.0
2021-11-22,289.847,293.872,287.278,291.625,1286100,0.0,0.0
2021-11-23,291.947,293.432,287.972,290.131,1148500,0.0,0.0
2021-11-24,289.173,292.504,287.219,291.811,1126600,0.0,0.0
2021-11-26,286.721,288.353,280.889,287.307,881900,0.0,0.0
2021-11-29,290.238,291.215,285.295,289.828,1250300,0.0,0.0
2021-11-30,287.933,291.137,286.223,288.929,5147800,0.0,0.0
2021-12-01,291.596,294.78,284.152,284.377,1434900,0.0,0.0
2021-12-02,284.494,292.006,284.494,290.424,1473600,0.0,0.0
2021-12-03,292.26,292.651,283.664,286.116,1431700,0.0,0.0
2021-12-06,288.587,291.381,286.946,290.599,881100,0.0,0.0
2021-12-07,293.257,295.806,291.371,293.755,955700,0.0,0.0
2021-12-08,294.859,296.89,292.7,293.979,790200,0.0,0.0
2021-12-09,292.543,293.618,288.607,288.665,1008500,0.0,0.0
2021-12-10,290.814,290.814,284.748,286.946,1412600,0.0,0.0
2021-12-13,286.926,289.417,284.855,287.014,1072200,0.0,0.0
2021-12-14,285.696,289.447,284.025,287.346,1298200,0.0,0.0
2021-12-15,287.366,289.31,284.465,289.066,1472200,0.0,0.0
2021-12-16,289.789,291.42,286.487,288.304,1544000,0.0,0.0
2021-12-17,288.128,288.558,283.029,285.617,2912300,0.0,0.0
2021-12-20,283.126,284.465,280.196,283.8,1461900,0.0,0.0
2021-12-21,285.656,289.281,283.918,286.448,1209100,0.0,0.0
2021-12-22,286.536,288.118,285.588,287.219,714200,0.0,0.0
2021-12-23,288.177,289.329,284.885,285.647,1378000,0.0,0.0
2021-12-27,287.532,291.791,285.471,291.527,506100,0.0,0.0
2021-12-28,291.781,294.312,289.837,290.131,587500,0.0,0.0
2021-12-29,289.603,294.722,288.821,293.725,841600,0.0,0.0
2021-12-30,294.995,296.539,292.885,292.895,476900,0.0,0.0
2021-12-31,291.82,295.845,290.873,293.608,687000,0.0,0.0
2022-01-03,293.237,293.569,285.93,286.457,808700,0.0,0.0
2022-01-04,287.249,288.118,283.459,287.464,1136700,0.0,0.0
2022-01-05,286.975,288.431,284.191,286.223,1316400,0.0,0.0
2022-01-06,282.667,286.721,281.094,283.781,1317200,0.0,0.0
2022-01-07,283.537,283.771,276.024,276.239,1263900,0.0,0.0
2022-01-10,274.628,276.093,270.056,275.477,1517500,0.0,0.0
2022-01-11,275.741,282.931,272.84,281.046,1351500,0.0,0.0
2022-01-12,282.042,284.211,280.723,281.046,1179100,0.0,0.0
2022-01-13,280.518,281.759,273.28,273.944,1006800,0.0,0.0
2022-01-14,272.439,272.439,263.257,267.125,1628100,0.0,0.0
2022-01-18,264.732,268.024,260.883,266.373,1375300,0.0,0.0
2022-01-19,267.907,269.626,264.146,264.37,1098900,0.0,0.0
2022-01-20,264.37,269.216,263.775,263.999,1204500,0.0,0.0
2022-01-21,265.201,266.988,259.437,260.258,1600400,0.0,0.0
2022-01-24,259.232,269.128,257.786,267.321,2260200,0.0,0.0
2022-01-25,263.95,265.064,257.64,261.518,1534900,0.0,0.0
2022-01-26,262.397,267.575,259.203,261.498,1121500,0.0,0.0
2022-01-27,263.022,265.66,254.865,255.823,1168000,0.0,0.0
2022-01-28,256.995,263.98,253.586,263.931,1047200,0.0,0.0
2022-01-31,263.627,270.694,263.021,270.557,962300,0.51,0.0
2022-02-01,269.206,271.516,266.632,270.919,864600,0.0,0.0
2022-02-02,270.919,273.131,270.028,272.7,1348600,0.0,0.0
2022-02-03,271.506,273.033,269.48,270.616,1046200,0.0,0.0
2022-02-04,274.305,290.063,270.938,285.11,2443300,0.0,0.0
2022-02-07,282.879,283.818,279.59,280.031,1211300,0.0,0.0
2022-02-08,278.298,282.781,271.369,281.783,1334500,0.0,0.0
2022-02-09,284.151,289.554,283.006,287.518,867200,0.0,0.0
2022-02-10,283.172,287.772,279.561,281.166,1152200,0.0,0.0
2022-02-11,280.902,283.642,275.587,277.388,1190400,0.0,0.0
2022-02-14,277.682,278.455,271.663,273.924,1237000,0.0,0.0
2022-02-15,277.907,281.587,274.589,278.465,1006300,0.0,0.0
2022-02-16,277.956,279.825,274.648,278.984,829300,0.0,0.0
2022-02-17,276.419,277.036,272.72,275.059,1112500,0.0,0.0
2022-02-18,274.736,279.081,273.483,277.76,932100,0.0,0.0
2022-02-22,278.455,280.735,275.92,279.218,1402200,0.0,0.0
2022-02-23,279.669,280.236,273.405,274.286,1358700,0.0,0.0
2022-02-24,269.49,282.771,267.386,281.998,1727300,0.0,0.0
2022-02-25,282.164,286.774,280.863,286.715,1197400,0.0,0.0
2022-02-28,282.36,286.265,281.127,285.923,1384200,0.0,0.0
2022-03-01,286.197,288.722,281.939,283.672,2249700,0.0,0.0
2022-03-02,285.296,288.252,282.419,286.608,1404700,0.0,0.0
2022-03-03,289.162,290.581,285.453,287.949,1486500,0.0,0.0
2022-03-04,285.404,288.966,283.642,287.489,1360300,0.0,0.0
2022-03-07,284.014,286.206,282.086,282.243,2313300,0.0,0.0
2022-03-08,280.295,283.779,270.899,271.036,1363600,0.0,0.0
2022-03-09,275.225,287.43,274.853,284.807,1383500,0.0,0.0
2022-03-10,280.109,289.152,280.109,287.352,1350400,0.0,0.0
2022-03-11,288.428,292.705,287.665,289.045,1252200,0.0,0.0
2022-03-14,289.749,294.379,289.358,290.934,1808400,0.0,0.0
2022-03-15,293.341,301.161,291.169,301.073,1600500,0.0,0.0
2022-03-16,301.749,306.515,298.206,302.933,1582000,0.0,0.0
2022-03-17,301.964,309.696,301.915,309.206,1536600,0.0,0.0
2022-03-18,308.648,313.346,306.378,311.604,2512800,0.0,0.0
2022-03-21,311.448,315.715,309.696,311.134,2011500,0.0,0.0
2022-03-22,307.464,309.833,301.357,308.531,1956800,0.0,0.0
2022-03-23,306.446,310.763,305.526,307.092,943500,0.0,0.0
2022-03-24,307.934,310.792,307.376,310.616,587900,0.0,0.0
2022-03-25,311.34,316.087,310.537,316.067,887600,0.0,0.0
2022-03-28,316.067,320.119,314.814,319.277,1255000,0.0,0.0
2022-03-29,322.566,322.566,318.445,319.043,1318100,0.0,0.0
2022-03-30,319.512,320.041,316.615,319.444,889700,0.0,0.0
2022-03-31,320.608,324.063,318.602,318.7,1344000,0.0,0.0
2022-04-01,319.346,324.836,318.984,321.832,943800,0.0,0.0
2022-04-04,322.302,323.789,318.876,319.777,730400,0.0,0.0
2022-04-05,319.121,324.504,318.739,319.033,941500,0.0,0.0
2022-04-06,318.299,323.652,317.026,323.427,828300,0.0,0.0
2022-04-07,323.29,327.508,321.019,326.393,842800,0.0,0.0
2022-04-08,326.706,329.251,325.316,326.412,692900,0.0,0.0
2022-04-11,325.913,328.213,323.828,326.51,804200,0.0,0.0
2022-04-12,327.391,327.978,321.245,322.282,715300,0.0,0.0
2022-04-13,321.597,324.797,321.284,323.075,728800,0.0,0.0
2022-04-14,323.975,325.874,321.205,321.274,788500,0.0,0.0
2022-04-18,321.45,325.571,319.972,322.047,930900,0.0,0.0
2022-04-19,321.499,324.259,319.532,323.75,720000,0.0,0.0
2022-04-20,325.277,327.322,323.3,326.128,946500,0.0,0.0
2022-04-21,327.871,334.702,325.551,326.363,1012200,0.0,0.0
2022-04-22,324.641,326.285,314.384,314.795,1049000,0.0,0.0
2022-04-25,312.573,314.981,307.601,314.599,1114500,0.0,0.0
2022-04-26,313.415,313.571,303.628,303.667,1116400,0.0,0.0
2022-04-27,304.283,308.414,302.933,304.597,847100,0.0,0.0
2022-04-28,307.063,313.395,300.32,311.232,1114300,0.0,0.0
2022-04-29,308.213,308.213,281.339,282.358,1928600,0.56,0.0
2022-05-02,284.27,289.212,269.034,276.603,1467600,0.0,0.0
2022-05-03,277.338,282.231,275.358,278.985,1244300,0.0,0.0
2022-05-04,278.897,286.643,274.22,286.388,814400,0.0,0.0
2022-05-05,283.299,285.319,275.505,280.946,1055800,0.0,0.0
2022-05-06,278.74,282.711,275.868,280.691,983500,0.0,0.0
2022-05-09,277.789,278.495,268.857,269.71,1133100,0.0,0.0
2022-05-10,273.495,279.103,271.044,273.72,1027400,0.0,0.0
2022-05-11,272.417,277.054,268.848,269.671,808300,0.0,0.0
2022-05-12,269.681,274.524,265.818,270.348,789800,0.0,0.0
2022-05-13,271.662,279.054,269.956,275.113,816000,0.0,0.0
2022-05-16,274.289,276.613,271.936,272.387,618200,0.0,0.0
2022-05-17,275.907,275.907,270.377,273.573,600100,0.0,0.0
2022-05-18,271.671,272.475,263.269,264.22,1032400,0.0,0.0
2022-05-19,262.288,263.014,257.386,261.445,756500,0.0,0.0
2022-05-20,262.524,263.749,250.896,257.573,1403800,0.0,0.0
2022-05-23,259.524,262.622,253.71,261.269,872600,0.0,0.0
2022-05-24,259.828,264.122,257.739,262.896,767700,0.0,0.0
2022-05-25,260.21,264.024,257.504,260.053,925200,0.0,0.0
2022-05-26,263.073,268.838,260.69,267.406,1266800,0.0,0.0
2022-05-27,268.397,276.172,267.75,276.172,1170500,0.0,0.0
2022-05-31,272.975,275.211,268.436,270.279,3664600,0.0,0.0
2022-06-01,271.289,273.613,263.71,265.298,825200,0.0,0.0
2022-06-02,264.995,273.397,261.122,273.181,780500,0.0,0.0
2022-06-03,265.426,269.259,262.955,263.328,768300,0.0,0.0
2022-06-06,265.769,268.916,263.475,266.573,593400,0.0,0.0
2022-06-07,263.161,266.544,262.573,265.328,710700,0.0,0.0
2022-06-08,263.347,266.74,261.318,261.583,724800,0.0,0.0
2022-06-09,261.396,262.985,253.955,254.043,932000,0.0,0.0
2022-06-10,251.151,251.611,248.445,248.68,724500,0.0,0.0
2022-06-13,243.797,250.994,241.797,248.18,1315700,0.0,0.0
2022-06-14,247.69,250.19,243.993,246.219,791000,0.0,0.0
2022-06-15,249.68,252.288,245.317,248.18,896700,0.0,0.0
2022-06-16,242.915,246.562,241.395,243.64,1018200,0.0,0.0
2022-06-17,243.64,247.268,241.964,246.729,1856900,0.0,0.0
2022-06-21,250.317,251.749,248.7,249.778,911500,0.0,0.0
2022-06-22,247.405,255.043,246.562,252.023,930900,0.0,0.0
2022-06-23,254.298,259.651,251.955,258.828,1092400,0.0,0.0
2022-06-24,260.837,266.583,258.484,266.426,1890900,0.0,0.0
2022-06-27,266.985,268.054,263.877,266.21,561900,0.0,0.0
2022-06-28,266.857,270.495,260.367,260.465,538800,0.0,0.0
2022-06-29,260.426,264.426,258.651,263.622,776300,0.0,0.0
2022-06-30,261.475,265.73,259.377,264.406,860000,0.0,0.0
2022-07-01,264.171,269.014,263.171,268.563,629000,0.0,0.0
2022-07-05,266.74,271.181,264.318,270.573,682200,0.0,0.0
2022-07-06,271.465,276.387,269.789,274.142,850200,0.0,0.0
2022-07-07,273.828,274.524,266.181,268.936,1123000,0.0,0.0
2022-07-08,268.818,271.328,267.681,269.005,500400,0.0,0.0
2022-07-11,268.21,271.358,268.083,268.681,545400,0.0,0.0
2022-07-12,267.485,271.867,263.828,265.269,753600,0.0,0.0
2022-07-13,261.651,267.593,261.651,264.171,789800,0.0,0.0
2022-07-14,258.975,263.838,257.288,263.338,928900,0.0,0.0
2022-07-15,266.857,269.74,265.71,266.289,2291800,0.0,0.0
2022-07-18,266.808,268.201,261.122,261.877,658500,0.0,0.0
2022-07-19,264.72,270.671,264.504,270.299,853700,0.0,0.0
2022-07-20,271.505,273.103,268.779,269.887,1115000,0.0,0.0
2022-07-21,271.358,275.672,269.887,275.181,888500,0.0,0.0
2022-07-22,275.181,278.662,271.818,274.024,918700,0.0,0.0
2022-07-25,274.24,278.221,272.838,275.662,789900,0.0,0.0
2022-07-26,275.054,276.632,272.789,273.779,534300,0.0,0.0
2022-07-27,273.387,282.103,273.387,280.466,728500,0.0,0.0
2022-07-28,281.456,288.535,278.26,287.035,923800,0.0,0.0
2022-07-29,286.838,292.192,285.394,285.895,1293900,0.56,0.0
2022-08-01,281.917,283.734,274.392,275.385,849400,0.0,0.0
2022-08-02,274.098,280.168,273.361,275.306,1086700,0.0,0.0
2022-08-03,275.827,282.713,275.611,280.974,843500,0.0,0.0
2022-08-04,280.699,281.946,278.489,280.699,740900,0.0,0.0
2022-08-05,279.088,282.546,278.204,282.448,561200,0.0,0.0
2022-08-08,283.656,286.288,283.115,284.707,529600,0.0,0.0
2022-08-09,284.255,289.167,283.508,288.233,667900,0.0,0.0
2022-08-10,292.408,294.579,289.55,292.457,943100,0.0,0.0
2022-08-11,294.363,296.986,289.442,291.446,741000,0.0,0.0
2022-08-12,294.265,296.691,292.683,296.151,702600,0.0,0.0
2022-08-15,294.569,296.446,293.675,295.365,1078000,0.0,0.0
2022-08-16,293.97,297.241,293.852,295.679,757000,0.0,0.0
2022-08-17,293.499,296.465,292.477,295.09,513100,0.0,0.0
2022-08-18,295.797,297.929,293.371,297.222,644900,0.0,0.0
2022-08-19,296.554,296.622,292.821,294.569,681900,0.0,0.0
2022-08-22,291.75,293.007,287.231,287.575,660300,0.0,0.0
2022-08-23,286.563,287.732,281.269,281.622,780000,0.0,0.0
2022-08-24,281.897,283.459,280.218,282.241,712700,0.0,0.0
2022-08-25,283.469,285.227,281.161,285.11,717200,0.0,0.0
2022-08-26,287.055,287.349,280.64,280.817,856500,0.0,0.0
2022-08-29,278.332,280.139,275.876,277.899,512400,0.0,0.0
2022-08-30,277.899,279.186,274.609,277.133,620300,0.0,0.0
2022-08-31,278.518,280.522,273.833,274.324,825900,0.0,0.0
2022-09-01,274.579,275.994,270.414,275.817,661000,0.0,0.0
2022-09-02,278.017,281.023,272.064,273.42,534600,0.0,0.0
2022-09-06,273.764,277.438,273.282,276.259,823700,0.0,0.0
2022-09-07,276.996,283.754,276.465,283.469,493600,0.0,0.0
2022-09-08,282.33,287.114,281.092,285.807,722300,0.0,0.0
2022-09-09,285.905,288.823,284.569,286.927,701100,0.0,0.0
2022-09-12,286.907,289.167,286.18,288.813,694800,0.0,0.0
2022-09-13,283.941,284.176,278.273,279.019,756500,0.0,0.0
2022-09-14,279.127,280.65,277.133,278.754,858800,0.0,0.0
2022-09-15,279.599,279.599,274.903,275.178,1065000,0.0,0.0
2022-09-16,272.693,275.041,270.208,272.221,1571400,0.0,0.0
2022-09-19,270.935,273.852,270.198,273.783,612500,0.0,0.0
2022-09-20,271.475,272.968,268.056,271.337,596700,0.0,0.0
2022-09-21,272.723,276.73,268.017,268.165,863700,0.0,0.0
2022-09-22,267.948,269.088,263.361,267.408,1052500,0.0,0.0
2022-09-23,267.467,270.827,265.404,269.078,1238100,0.0,0.0
2022-09-26,268.685,269.913,264.402,265.06,849800,0.0,0.0
2022-09-27,268.106,268.587,263.302,266.18,767200,0.0,0.0
2022-09-28,269.157,271.819,267.212,270.404,912200,0.0,0.0
2022-09-29,269.687,269.687,264.697,266.161,664200,0.0,0.0
2022-09-30,266.082,268.125,263.027,263.135,789700,0.0,0.0
2022-10-03,264.608,271.986,262.339,270.719,635700,0.0,0.0
2022-10-04,273.174,279.746,272.998,279.294,756100,0.0,0.0
2022-10-05,276.799,279.461,275.1,277.781,813700,0.0,0.0
2022-10-06,277.398,278.361,274.746,275.758,675800,0.0,0.0
2022-10-07,273.921,273.921,266.131,268.282,601500,0.0,0.0
2022-10-10,270.1,275.198,269.412,274.648,725100,0.0,0.0
2022-10-11,274.667,275.669,269.55,271.347,649000,0.0,0.0
2022-10-12,272.624,274.913,268.832,269.029,597700,0.0,0.0
2022-10-13,263.39,277.614,261.642,276.524,870000,0.0,0.0
2022-10-14,279.559,280.552,265.522,266.023,910600,0.0,0.0
2022-10-17,270.08,275.178,269.491,272.605,870600,0.0,0.0
2022-10-18,279.167,279.432,271.504,275.375,703400,0.0,0.0
2022-10-19,273.145,277.015,272.379,275.964,844200,0.0,0.0
2022-10-20,276.013,276.013,267.83,268.882,917200,0.0,0.0
2022-10-21,268.764,276.22,265.591,275.168,1633400,0.0,0.0
2022-10-24,277.781,281.082,276.956,279.481,783300,0.0,0.0
2022-10-25,278.243,278.243,272.172,275.051,949200,0.0,0.0
2022-10-26,275.699,277.506,271.691,272.231,1144800,0.0,0.0
2022-10-27,274.422,278.783,273.017,277.33,965200,0.0,0.0
2022-10-28,272.3,284.874,268.194,284.088,1248900,0.0,0.0
2022-10-31,280.997,282.454,277.031,277.051,1130200,0.56,0.0
2022-11-01,278.822,282.051,277.366,280.003,816100,0.0,0.0
2022-11-02,278.744,282.238,274.472,274.728,713500,0.0,0.0
2022-11-03,273.163,276.352,271.519,272.031,517300,0.0,0.0
2022-11-04,274.797,275.319,270.013,275.299,576300,0.0,0.0
2022-11-07,277.326,283.744,274.334,282.572,595300,0.0,0.0
2022-11-08,283.005,284.59,278.084,282.257,776000,0.0,0.0
2022-11-09,281.745,282.818,276.391,276.667,680200,0.0,0.0
2022-11-10,285.427,291.745,283.635,291.706,998100,0.0,0.0
2022-11-11,294.009,294.009,286.657,288.379,739500,0.0,0.0
2022-11-14,287.218,293.901,286.706,286.726,579700,0.0,0.0
2022-11-15,289.688,292.887,285.072,287.287,613800,0.0,0.0
2022-11-16,287.149,289.629,285.997,288.832,578900,0.0,0.0
2022-11-17,286.637,291.184,283.891,291.115,719000,0.0,0.0
2022-11-18,294.521,297.296,292.592,296.568,875700,0.0,0.0
2022-11-21,296.863,299.983,294.334,296.942,607400,0.0,0.0
2022-11-22,297.651,299.275,296.125,298.999,834300,0.0,0.0
2022-11-23,298.999,300.662,297.857,299.442,493100,0.0,0.0
2022-11-25,300.023,303.28,297.798,302.237,263000,0.0,0.0
2022-11-28,300.446,303.231,299.914,300.456,930400,0.0,0.0
2022-11-29,299.442,302.07,297.414,297.956,718800,0.0,0.0
2022-11-30,296.755,304.127,296.007,303.418,1320000,0.0,0.0
2022-12-01,305.111,305.111,297.592,298.29,1023300,0.0,0.0
2022-12-02,295.288,303.074,294.855,301.942,807600,0.0,0.0
2022-12-05,300.436,306.538,300.436,303.871,980000,0.0,0.0
2022-12-06,304.166,305.367,302.591,303.103,859000,0.0,0.0
2022-12-07,303.143,304.383,298.645,299.344,788600,0.0,0.0
2022-12-08,298.527,301.843,297.857,301.735,1000800,0.0,0.0
2022-12-09,301.666,303.487,300.308,300.859,698200,0.0,0.0
2022-12-12,301.784,303.684,299.166,302.749,914900,0.0,0.0
2022-12-13,308.349,309.501,303.556,305.101,913700,0.0,0.0
2022-12-14,304.284,309.678,301.243,301.312,1150100,0.0,0.0
2022-12-15,296.598,301.007,293.871,298.871,1015900,0.0,0.0
2022-12-16,296.283,296.283,290.348,294.048,2138000,0.0,0.0
2022-12-19,292.237,295.318,290.525,292.375,890900,0.0,0.0
2022-12-20,294.029,295.731,290.367,293.113,564200,0.0,0.0
2022-12-21,294.895,298.32,293.615,298.251,635500,0.0,0.0
2022-12-22,296.686,298.192,291.893,295.416,515800,0.0,0.0
2022-12-23,294.491,297.385,293.537,295.849,430000,0.0,0.0
2022-12-27,296.066,297.67,294.836,296.223,338900,0.0,0.0
2022-12-28,296.962,297.867,294.6,294.787,384700,0.0,0.0
2022-12-29,297.208,299.737,293.861,298.595,404600,0.0,0.0
2022-12-30,296.568,297.286,292.237,295.407,433000,0.0,0.0
